player_id,foot,height,weight,market_value_eur,contract_years,age,rank,country_group,team_group_model,team_points_1a,minutes_2324,minutes_variation,risk_load_excess,risk_hist_excess,primary_position,primary_position_share,secondary_position,secondary_position_share,n_posiciones,versatilidad_posicional,perfil_posicional,linea_principal,linea_secundaria,primary_role,secondary_role,secondary_role_position,polivalencia_global,player_name,team,offensive_impact,expected_offensive_impact,xg90,xa90,npg_minus_xg90,shots_on_target90,shot_quality,goal_conversion,finishing_ratio,box_threat,remates90,goles90,creativity_index,assist_chain90,chance_creation,assist_involvement,movement_threat,key_passes90,assist90,passes_completed90,forward_passes_completed90,long_passes_completed90,final_third_passes_completed90,deep_passes_completed90,progressive_passes_completed90,progressive_passing_ratio,verticality,final_third_ratio,progressive_passes90,progression_index,progression_eff,deep_progression,box_progression,dribbles_completed90,attacking_duels_won90,offensive_duel_proxy,penetration,involvement,centrality,box_presence,foul_draw_rate,crosses_completed90,crossing_threat,defensive_duels_won90,aerial_duels_won90,def_activity,discipline_penalty,clean_defense,def_activity_per_foul,defensive_impact,defense_global,area_raw,ataque_score_posicion_principal,creacion_score_posicion_principal,pase_score_posicion_principal,progresion_regate_score_posicion_principal,participacion_score_posicion_principal,defensa_score_posicion_principal,ataque_score_rol_principal,creacion_score_rol_principal,pase_score_rol_principal,progresion_regate_score_rol_principal,participacion_score_rol_principal,defensa_score_rol_principal,primary_role_code,secondary_role_code,market_value_mill,skill_minutes,distance_p90,m_per_min_p90,running_distance_p90,hsr_distance_p90,sprint_distance_p90,hi_distance_p90,high_acc_count_p90,high_dec_count_p90,explosive_acc_to_sprint_p90,psv99,team_name,birthday,nationality,lesionado,incidencia,duracion_mediana,critical_injury,gravedad,recurrence,reincidencia,muscle_share,age_hist,diversity,dias_desde_ultima_lesion,dias_baja_acumulados,sd_dias_baja,media_gravedad,split_hist,prob_lesion_lasso,percentil_riesgo_lasso,grupo_riesgo_lasso,pred_lesion_lasso,p_hist,p_basal_hist,exceso_riesgo_hist,exceso_riesgo_hist_pos,split_jugador,n_ventanas_modelo,fecha_ultima_ventana,lesion_observada_jugador,suma_prob_ventanas,lesiones_esperadas,prob_lesion_temporada,prob_lesion_media,prob_lesion_ultima,prob_lesion_reciente,prob_lesion_p90,prob_lesion_max,n_episodios_observados,prob_lesion_temporada_basal_exposicion,risk_load_excess_src,penalizacion_lesion_pct_load,split,pred_iso_mill,pred_raw_mill,diff_iso_mill,diff_raw_mill,ratio_iso,ratio_raw,abs_error_iso_mill,abs_pct_error_iso,market_signal,team_group_table,posicion_final,team_points_2324,uefa_classification,puntos_en_1a,injured_2324_hist,injured_2324_load,risk_hist_pct,risk_load_pct,error_label,value_band
900001,izquierdo,179,90,16800000.0,3.0,22,62.0,Argentina,champions,75,749,-189,0.004015830955818546,0.02245900197911721,AMF,0.917,CF,0.198,2,0.313,polivalente,MID,ATT,Advanced Playmaker,Target Man,CF,media,Player_001,Demo Club Norte,1.036,1.147,0.319,0.157,0.06,1.011,0.157,0.186,1.027,1.17,2.036,0.379,1.266,3.039,1.737,0.681,1.117,1.727,0.106,42.295,24.928,8.571,12.779,3.685,4.698,0.111,0.589,0.26,4.944,0.921,1.216,0.456,0.928,2.545,2.388,1.078,1.063,0.987,1.387,1.486,1.055,0.103,0.456,3.377,2.547,0.341,0.226,0.507,0.138,0.774,0.39,0.496,13.239918762577751,61.77604365684402,60.2146862986917,48.652372586671405,93.59676971825007,19.944547734242292,59.767068534202224,34.73592968106712,74.5373955372232,56.52754516933259,67.1489987617346,27.286505301227407,AMF_1,CF_3,16.8,653.2261175034507,9854.99,104.33,784.4,272.76,28.46,479.01,7.23,5.75,1.89,26.98,Demo Club Norte,2002-01-02,Demo Marruecos,X0,29.914,60.0,0,3,0,0,0.58,22,0,667,20,5.952,1.442,test,0.5124590019791172,48.58,Medio,X1,0.5124590019791172,0.49,0.02245900197911721,0.02245900197911721,test,12.0,2024-05-25,0.0,0.2101,0.0814,0.1672356855256396,0.0875,0.086,0.0661,0.1236,0.2833,0.0,0.1632,0.004015830955818546,0.0151,train,13.8359,13.5975,-2.9641,-3.2025,0.8236,0.8094,2.9641,0.1764,Ajustado,champions,1,75,champions,75,False,False,2.245900197911721,0.40158309558185457,Ajustado,15-40 M€
900002,izquierdo,184,67,6040000.0,1.0,34,23.0,Portugal,europa,63,2218,870,0.0006837789373484817,0.0,CMF,0.723,DMF,0.165,2,0.088,polivalente,MID,MID,Holding Midfielder,Deep Lying Playmaker,DMF,alta,Player_002,Demo Club Capital,1.049,0.795,0.213,0.229,0.017,0.786,0.087,0.094,0.875,0.794,2.454,0.23,1.053,2.749,0.845,0.738,0.815,1.123,0.178,56.644,19.429,12.128,10.601,2.738,5.742,0.101,0.343,0.166,5.803,0.92,0.893,0.37,1.027,1.452,1.659,1.216,1.046,1.395,1.143,0.195,1.201,0.254,0.005,3.356,2.031,0.894,0.222,0.321,0.358,0.883,0.745,0.383,52.81514401865957,50.64230153579726,83.98528718607159,52.94389604287647,73.38353783076361,78.59019223101333,32.6500679276851,75.78001047352078,67.17882367788276,63.84830584065214,44.66612422116788,53.7502263809468,CMF_2,DMF_1,6.04,1840.6435459992874,8005.14,109.93,1451.78,538.79,161.34,605.64,3.15,7.75,1.92,27.49,Demo Club Capital,1990-06-09,Demo Uruguay,X0,4.058,21.0,0,2,0,0,0.83,34,1,917,245,41.459,2.383,train,0.448909768416086,25.04,Bajo,X0,0.448909768416086,0.49,0.0,0.0,train,17.0,2024-05-25,0.0,0.4154,0.0869,0.28784424279861304,0.1768,0.2425,0.2279,0.2548,0.3958,0.0,0.2872,0.0006837789373484817,0.0003,valid,6.4927,6.184,0.4527,0.144,1.075,1.0238,0.4527,0.075,Ajustado,europa,2,63,europa,63,False,False,0.0,0.06837789373484818,Ajustado,5-15 M€
900003,ambidiestro,184,76,7460000.0,1.0,24,37.0,España,media_tabla,52,1766,367,0.0020426354820378897,0.0,CMF,0.871,,,1,0.048,principal_clara,MID,,Holding Midfielder,,,baja,Player_003,Demo Club Mediterráneo,0.808,0.791,0.236,0.107,0.065,1.052,0.115,0.146,1.052,0.467,2.06,0.301,1.276,1.16,1.011,0.94,0.674,1.922,0.077,52.208,26.706,8.969,11.361,5.854,7.867,0.151,0.512,0.18,7.71,1.373,0.978,0.679,1.326,1.236,1.591,0.396,1.041,1.129,0.713,0.634,2.096,0.573,0.0,3.766,2.501,0.766,0.264,0.597,0.841,0.364,0.808,1.086,43.96465273592563,48.803362974188204,41.058556989508304,80.80664925502863,62.64705051978428,18.3012959931962,57.772356164618394,64.58624383222724,63.12347979132213,47.52452807452401,64.80805974042876,58.6389862197031,CMF_2,,7.46,1415.3218847233304,10216.39,118.63,1448.67,376.68,147.5,570.56,6.32,5.72,0.52,26.96,Demo Club Mediterráneo,2000-11-22,Demo Marruecos,X1,13.918,10.0,0,4,0,0,0.143,24,1,119,83,19.557,1.514,train,0.47315326731937885,8.54,Bajo,X1,0.47315326731937885,0.49,0.0,0.0,test,16.0,2024-05-25,0.0,0.1251,0.12,0.242335495821228,0.0991,0.1823,0.1076,0.2894,0.3521,1.0,0.2403,0.0020426354820378897,0.0008,valid,7.9663,7.9594,0.5063,0.4994,1.0679,1.0669,0.5063,0.0679,Ajustado,media_tabla,3,52,media_tabla,52,True,False,0.0,0.20426354820378897,Ajustado,5-15 M€
900004,ambidiestro,187,84,2890000.0,1.5,18,39.0,España,baja_tabla,35,1241,37,0.003415287502136156,0.015673671169070147,CF,0.846,WF,0.238,2,0.392,polivalente,ATT,ATT,Poacher,Inside Forward,WF,media,Player_004,Demo Club Atlántico,1.508,1.571,0.408,0.18,-0.038,1.233,0.147,0.133,0.808,1.315,2.774,0.37,0.814,2.581,0.361,0.369,0.925,0.871,0.132,40.352,16.042,6.328,7.166,3.522,4.004,0.099,0.398,0.154,3.859,0.829,0.586,0.813,0.458,0.648,0.524,0.368,0.601,0.704,0.628,0.725,0.667,0.799,0.476,0.583,5.348,0.014,0.144,0.123,0.137,0.346,0.209,1.426,71.13823788924275,45.70434642052573,40.27764839727662,51.78742523778329,42.4544850820463,53.20652160739132,63.264180098356576,47.44833579934535,43.00534788276966,36.58387814400919,53.2662967283819,37.15546080132669,CF_1,WF_1,2.89,1194.9282320689751,9762.72,124.31,1204.13,512.03,143.93,653.68,4.26,8.95,4.08,30.6,Demo Club Atlántico,2006-02-08,Demo Portugal,X0,2.564,21.0,0,1,0,0,0.205,18,1,559,186,30.877,3.205,test,0.5056736711690701,65.79,Medio,X1,0.5056736711690701,0.49,0.015673671169070147,0.015673671169070147,test,23.0,2024-05-25,0.0,0.198,0.0576,0.22564008426049598,0.1559,0.079,0.1076,0.1721,0.3709,0.0,0.2222,0.003415287502136156,0.0108,train,3.4194,2.4812,0.5294,-0.4088,1.1832,0.8585,0.5294,0.1832,Ajustado,baja_tabla,4,35,baja_tabla,35,False,False,1.5673671169070147,0.3415287502136156,Ajustado,1-5 M€
900005,izquierdo,179,63,9630000.0,1.5,20,81.0,Argentina,descenso,27,2652,1173,0.011,0.0,WF,0.995,,,1,0.088,especialista,ATT,,Winger,,,baja,Player_005,Demo Club Sur,1.181,1.319,0.36,0.236,0.016,1.297,0.102,0.106,0.917,1.407,3.532,0.376,0.757,2.017,0.706,1.339,1.151,1.288,0.167,52.1,18.26,6.397,9.481,3.773,6.961,0.134,0.35,0.188,7.994,1.035,1.471,1.714,0.955,3.212,4.556,1.364,1.71,0.719,0.66,1.341,2.338,0.814,1.349,2.979,0.957,0.46,0.092,0.33,0.425,0.607,0.254,1.107,41.96827565948192,55.200994457946486,56.069468024763204,63.37821149990907,66.67806207243449,44.55521370719722,77.15683518469218,42.06336223937316,60.99001489987287,45.66094847639825,73.60642162580433,19.537560697139952,WF_3,,9.63,2384.350503409342,9499.17,124.31,1172.97,467.8,194.1,647.8,5.63,7.68,2.03,33.13,Demo Club Sur,2004-01-19,Demo Francia,X0,8.127,14.0,0,2,1,0,0.559,20,0,601,72,23.664,1.295,train,0.47119953005857274,29.9,Bajo,X1,0.47119953005857274,0.49,0.0,0.0,test,6.0,2024-05-25,1.0,0.3049,0.1639,0.42565244969709337,0.2703,0.3807,0.4108,0.379,0.5669,1.0,0.4147,0.011,0.0044,train,6.7121,6.1145,-2.9179,-3.5155,0.697,0.6349,2.9179,0.303,Potencialmente sobrevalorado,descenso,5,27,descenso,27,False,True,0.0,1.0999999999999999,Sobrevalorado por mercado,5-15 M€
900006,izquierdo,183,84,20240000.0,2.0,31,55.0,España,champions,73,789,346,0.0007289829697348449,0.0,DMF,0.955,,,1,0.116,principal_clara,MID,,Deep Lying Playmaker,,,baja,Player_006,Demo Club Interior,0.231,0.265,0.084,0.145,0.002,0.194,0.159,0.163,0.642,0.612,0.527,0.086,0.779,1.335,0.45,0.72,0.2,0.939,0.071,56.85,19.262,11.781,6.25,3.484,7.078,0.125,0.339,0.102,7.855,0.916,1.163,0.482,1.09,0.946,1.439,0.87,1.405,1.447,1.355,0.27,1.461,0.0,0.405,5.83,3.996,1.227,0.161,1.254,1.099,1.571,0.747,0.924,28.41984067318665,44.11512590325193,65.26795944828766,47.545209456302416,30.072268261378436,35.104043374876056,30.502153900022396,39.03012529013973,87.94096293534513,56.31489768591282,72.28242397090763,61.82271906870828,DMF_1,,20.24,799.9084776469155,10900.59,101.22,1137.04,259.57,-120.12,655.69,5.67,8.37,1.63,31.01,Demo Club Interior,1993-12-24,Demo Senegal,X1,4.216,21.0,0,2,0,1,0.716,31,1,851,28,8.989,1.057,train,0.4666480739790934,72.13,Bajo,X1,0.4666480739790934,0.49,0.0,0.0,train,21.0,2024-05-25,0.0,0.2104,0.0688,0.14534561463093143,0.059,0.0891,0.0987,0.1031,0.2443,0.0,0.1446,0.0007289829697348449,0.0003,valid,19.4752,20.3918,-0.7648,0.1518,0.9622,1.0075,0.7648,0.0378,Ajustado,champions,6,73,champions,73,True,False,0.0,0.07289829697348449,Ajustado,15-40 M€
900007,derecho,190,77,26270000.0,4.0,27,31.0,Norte de África,europa,57,1311,1032,0.0050217854465229314,0.0,WF,0.944,,,1,0.045,especialista,ATT,,Inside Forward,,,baja,Player_007,Demo Club Norte,1.121,1.284,0.368,0.155,0.116,1.493,0.109,0.144,1.158,1.124,3.363,0.484,1.39,1.983,1.055,0.476,1.179,1.629,0.15,35.659,15.133,8.172,5.159,4.721,8.956,0.251,0.424,0.275,9.662,1.094,0.794,0.938,1.71,2.747,4.385,0.976,1.123,0.656,1.144,1.734,1.323,1.311,0.857,4.066,1.947,0.238,0.002,0.244,0.356,0.254,0.46,1.389,65.0279238129491,59.55533708935616,45.06448980730021,41.15616391499233,63.89636884937966,29.69707400176494,64.92928771988299,42.832867096104216,41.28964487989569,54.07838714915826,53.847662004821444,31.38869661737317,WF_1,,26.27,1186.3155100924928,8450.2,115.65,1745.98,276.65,197.0,810.68,8.14,9.28,3.42,31.55,Demo Club Norte,1997-11-17,Demo Uruguay,X1,5.62,60.0,0,1,0,0,0.535,27,1,557,126,1.01,1.274,train,0.47628726075424915,47.69,Bajo,X1,0.47628726075424915,0.49,0.0,0.0,train,26.0,2024-05-25,0.0,0.2222,0.1168,0.23606971304548313,0.0947,0.1934,0.1922,0.2823,0.2939,1.0,0.231,0.0050217854465229314,0.002,train,26.3483,28.6726,0.0783,2.4026,1.003,1.0915,0.0783,0.003,Ajustado,europa,7,57,europa,57,True,False,0.0,0.5021785446522932,Ajustado,15-40 M€
900008,izquierdo,196,77,9480000.0,1.5,25,61.0,Brasil,media_tabla,51,2016,503,0.004790294536902656,0.009500396608383588,AMF,0.967,,,1,0.076,principal_clara,MID,,Second Striker,,,baja,Player_008,Demo Club Capital,0.799,1.091,0.314,0.148,-0.08,0.875,0.102,0.076,0.643,1.072,3.088,0.234,0.893,3.691,1.303,1.328,0.437,1.582,0.087,44.534,25.148,9.681,13.488,5.072,6.114,0.137,0.565,0.247,5.873,0.988,0.839,1.01,1.122,2.271,2.282,0.957,0.958,1.001,0.682,1.341,1.498,0.0,0.8,2.626,1.962,0.484,0.037,0.255,0.164,0.341,0.856,0.733,60.42533263581595,50.30335776330453,35.3279737047619,61.90057353918718,37.66567890861218,42.46147576891578,54.44122500402816,48.215773859110854,79.5432746238707,49.35085354964228,59.31529943729477,34.55247825033307,AMF_2,,9.48,2086.9217507095054,9884.74,107.38,1264.16,345.5,191.94,387.35,6.5,9.1,1.64,29.99,Demo Club Capital,1999-09-18,Demo Portugal,X1,25.331,10.0,0,2,0,0,0.707,25,0,843,25,1.871,1.457,test,0.4995003966083836,1.19,Medio,X1,0.4995003966083836,0.49,0.009500396608383588,0.009500396608383588,test,33.0,2024-05-25,0.0,0.2465,0.1581,0.32110370780101594,0.1824,0.2356,0.2391,0.3149,0.4544,0.0,0.3163,0.004790294536902656,0.0076,valid,9.6262,9.6562,0.1462,0.1762,1.0154,1.0186,0.1462,0.0154,Ajustado,media_tabla,8,51,media_tabla,51,True,False,0.9500396608383588,0.47902945369026556,Ajustado,5-15 M€
900009,izquierdo,194,88,1000000.0,3.0,31,23.0,Portugal,baja_tabla,35,2876,-551,0.00024801164644731096,0.0,CMF,0.925,AMF,0.174,2,0.194,polivalente,MID,MID,Box-to-box Midfielder,Advanced Playmaker,AMF,media,Player_009,Demo Club Mediterráneo,1.004,0.615,0.231,0.263,0.062,1.011,0.124,0.157,1.043,0.456,1.861,0.293,1.492,2.78,1.549,1.439,0.607,1.753,0.282,63.842,20.76,12.468,11.801,3.6,3.976,0.062,0.325,0.147,3.926,1.23,1.437,0.463,1.304,1.782,2.265,0.814,1.328,1.355,1.356,0.521,1.876,0.27,0.41,6.641,4.484,0.701,0.084,0.66,0.416,0.916,0.813,1.479,48.86382245729667,30.734492961300532,100.0,41.017410890806985,50.61425034785022,63.11133374408847,56.648482780066885,38.0702308909501,76.11154555787665,73.83691529999447,36.69011097202521,43.98363143669224,CMF_3,AMF_1,1.0,2287.73254905609,10874.3,106.25,1277.05,402.12,238.79,515.47,4.21,13.44,2.1,27.91,Demo Club Mediterráneo,1993-01-27,Demo Brasil,X0,1.56,21.0,0,1,0,0,0.83,31,1,808,66,42.27,3.191,train,0.4661924464989983,70.38,Bajo,X1,0.4661924464989983,0.49,0.0,0.0,train,8.0,2024-05-25,0.0,0.5207,0.2617,0.3561290489085198,0.1541,0.1315,0.2834,0.2856,0.506,2.0,0.3559,0.00024801164644731096,0.0001,valid,2.0729,0.8589,1.0729,-0.1411,2.0729,0.8589,1.0729,1.0729,Ajustado,baja_tabla,9,35,baja_tabla,35,False,False,0.0,0.024801164644731095,Ajustado,1-5 M€
900010,izquierdo,195,88,8160000.0,1.5,31,39.0,Brasil,descenso,32,1499,798,0.0015305625770875098,0.0,WF,0.89,,,1,0.088,principal_clara,ATT,,Winger,,,baja,Player_010,Demo Club Atlántico,1.24,1.178,0.308,0.079,-0.079,0.952,0.097,0.072,0.64,1.291,3.159,0.229,1.215,2.572,0.585,1.434,0.689,1.506,0.038,55.82,18.141,9.851,6.955,4.235,6.673,0.12,0.325,0.176,7.114,1.397,1.783,0.723,1.749,3.567,3.994,1.401,1.01,0.636,0.559,1.704,1.482,1.515,1.535,3.727,2.299,0.233,0.243,0.277,0.269,0.499,0.489,1.337,56.6613906647587,56.71953497175518,70.23640166806295,60.948826240889396,58.409957106395,15.262151729511427,58.826577491364155,44.15537107878284,72.45128409009044,72.67604048689276,46.232861229713556,63.020063917120424,WF_3,,8.16,1418.1605110363764,10084.07,115.01,1181.58,504.81,282.91,599.55,4.61,9.03,2.71,32.03,Demo Club Atlántico,1993-02-13,Demo Uruguay,X0,9.138,60.0,0,2,0,0,0.142,31,0,742,67,20.671,1.666,train,0.4377885013027046,93.57,Bajo,X0,0.4377885013027046,0.49,0.0,0.0,train,9.0,2024-05-25,0.0,0.3009,0.1455,0.2423091688840829,0.141,0.1211,0.0879,0.2455,0.2999,1.0,0.2408,0.0015305625770875098,0.0006,valid,6.2682,5.8807,-1.8918,-2.2793,0.7682,0.7207,1.8918,0.2318,Potencialmente sobrevalorado,descenso,10,32,descenso,32,False,False,0.0,0.15305625770875098,Sobrevalorado por mercado,5-15 M€
900011,ambidiestro,176,63,7500000.0,3.0,23,44.0,África subsahariana,champions,81,1303,1179,0.0017250377895207533,0.0,CB,0.854,,,1,0.031,especialista,DEF,,Sweeper,,,baja,Player_011,Demo Club Sur,0.342,0.241,0.193,0.104,0.062,0.672,0.133,0.176,1.049,0.145,1.446,0.255,0.065,1.244,0.06,0.297,0.124,0.778,0.082,42.713,13.068,5.666,4.095,2.494,3.802,0.089,0.306,0.07,3.965,0.176,0.245,0.223,0.315,1.325,1.232,0.19,0.058,0.607,0.581,0.28,0.482,0.055,0.341,7.912,5.437,1.191,0.152,1.24,1.446,1.114,1.143,0.453,21.426671833520626,45.87560644803354,51.178186517370825,45.935663750924945,69.42361379439467,46.101531597668696,16.345477072749993,38.281366072769956,56.38108430679428,58.749707673950915,46.71049773644195,61.964988126802886,CB_3,,7.5,1287.6749434876167,9805.33,96.99,1014.58,445.25,134.66,823.48,4.03,6.78,2.68,27.35,Demo Club Sur,2001-01-05,Demo Portugal,X1,3.869,10.0,0,4,0,0,0.784,23,1,473,220,17.325,3.403,test,0.4732880304624269,64.08,Bajo,X1,0.4732880304624269,0.49,0.0,0.0,train,8.0,2024-05-25,0.0,0.2046,0.12,0.17919550558838784,0.0996,0.093,0.1528,0.1871,0.3128,2.0,0.1775,0.0017250377895207533,0.0007,valid,6.8235,6.5825,-0.6765,-0.9175,0.9098,0.8777,0.6765,0.0902,Ajustado,champions,11,81,champions,81,True,False,0.0,0.17250377895207533,Ajustado,5-15 M€
900012,ambidiestro,170,68,15710000.0,4.0,32,29.0,Sudamérica exportadora,europa,65,2314,344,0.0031617267346157594,0.0,CB,0.949,,,1,0.116,principal_clara,DEF,,Sweeper,,,baja,Player_012,Demo Club Interior,0.021,0.478,0.328,0.074,-0.006,0.294,0.35,0.45,0.852,0.0,0.707,0.322,0.269,2.028,0.432,0.244,0.219,0.593,0.052,34.792,13.44,8.694,0.0,0.611,1.674,0.048,0.386,0.086,1.768,0.318,0.25,0.246,0.192,0.699,0.974,0.342,0.163,0.7,0.37,0.149,0.606,0.407,0.0,6.963,4.55,1.455,0.05,0.656,0.438,0.811,1.488,0.635,18.13649553291655,63.70261962484683,38.18119306197498,8.23974594455973,37.38822040898723,73.96289508612693,40.831825589742955,25.85024288224219,58.90978630096308,14.553987254608195,74.28830359434733,60.717094324156115,CB_3,,15.71,2022.3190400887268,8974.3,103.27,1416.39,580.13,70.34,299.62,2.39,8.19,0.81,28.09,Demo Club Interior,1992-06-01,Demo Portugal,X1,9.201,14.0,0,1,0,0,0.162,32,1,243,86,14.468,1.473,test,0.4546805191327704,26.57,Bajo,X0,0.4546805191327704,0.49,0.0,0.0,train,16.0,2024-05-25,1.0,0.4374,0.2086,0.3132938687970003,0.2086,0.2128,0.1454,0.4053,0.3572,2.0,0.3101,0.0031617267346157594,0.0013,train,13.8382,13.6003,-1.8718,-2.1097,0.8809,0.8657,1.8718,0.1191,Ajustado,europa,12,65,europa,65,True,True,0.0,0.31617267346157596,Ajustado,15-40 M€
900013,izquierdo,184,63,1890000.0,1.5,28,16.0,Francia,media_tabla,43,1126,-252,0.0010724944848169804,0.0,CB,0.919,,,1,0.047,especialista,DEF,,Stopper,,,baja,Player_013,Demo Club Norte,0.373,0.326,0.131,0.048,-0.023,0.436,0.089,0.074,0.597,0.147,1.468,0.108,0.248,1.074,0.181,0.118,0.272,0.354,0.045,46.357,15.97,8.845,1.419,3.878,2.138,0.046,0.345,0.065,2.327,0.216,0.221,0.231,0.173,0.914,1.413,0.223,0.375,0.815,0.919,0.327,0.632,0.27,0.356,4.852,4.451,1.235,0.002,0.704,1.026,0.935,0.967,0.607,39.05494200969235,37.21177793056699,36.43636123892252,55.21308949631624,51.93772263824322,45.52487240646737,45.51349817650927,71.42370234666333,57.12443735363935,66.45940895909345,39.21224677962444,31.63980266247257,CB_1,,1.89,1128.3892647073867,10934.46,111.99,1445.99,225.19,2.83,287.38,7.26,6.95,2.9,28.73,Demo Club Norte,1996-01-07,Demo Marruecos,X1,13.547,14.0,0,2,0,0,0.076,28,1,925,223,11.848,1.298,test,0.46519127941340976,75.08,Bajo,X1,0.46519127941340976,0.49,0.0,0.0,valid,19.0,2024-05-25,0.0,0.2765,0.1163,0.2013487996300611,0.1041,0.141,0.1862,0.1482,0.3115,1.0,0.2003,0.0010724944848169804,0.0004,valid,2.5771,1.4664,0.6871,-0.4236,1.3635,0.7759,0.6871,0.3635,Ajustado,media_tabla,13,43,media_tabla,43,True,False,0.0,0.10724944848169804,Ajustado,1-5 M€
900014,derecho,179,80,2540000.0,5.0,33,56.0,África subsahariana,baja_tabla,40,2231,-474,0.0034962286548039004,0.0,FB,0.905,,,1,0.076,principal_clara,DEF,,Wing Back,,,baja,Player_014,Demo Club Capital,0.893,0.744,0.264,0.177,-0.056,0.374,0.197,0.155,0.662,0.887,1.34,0.208,0.442,1.578,0.625,0.663,0.702,1.441,0.079,36.416,13.42,6.808,6.202,1.126,4.653,0.128,0.369,0.148,5.234,1.122,1.37,1.211,0.824,2.472,4.025,1.143,1.312,1.169,0.832,0.764,1.392,2.115,1.076,4.257,3.674,1.163,0.262,0.437,1.173,0.918,1.106,0.239,58.522018221438884,62.27634232612159,36.09414705028015,31.13636602271842,64.58812899629231,53.32793652095751,38.64102143143783,27.120840007604873,42.023367676481875,53.79312438410133,49.24364983053649,58.31462644358921,FB_1,,2.54,2110.1825509197984,8793.77,98.65,1506.16,410.8,156.28,449.73,6.59,7.68,1.89,31.95,Demo Club Capital,1991-09-11,Demo Francia,X0,8.941,30.0,0,3,1,0,0.101,33,0,413,51,24.835,3.587,test,0.47412504508382297,35.96,Bajo,X1,0.47412504508382297,0.49,0.0,0.0,train,15.0,2024-05-25,0.0,0.2052,0.2489,0.31516730949018407,0.1481,0.2063,0.282,0.2478,0.4186,1.0,0.3117,0.0034962286548039004,0.0014,valid,3.5034,2.5824,0.9634,0.0424,1.3793,1.0167,0.9634,0.3793,Ajustado,baja_tabla,14,40,baja_tabla,40,False,False,0.0,0.34962286548039007,Ajustado,1-5 M€
900015,ambidiestro,177,63,2660000.0,1.5,32,72.0,Sudamérica exportadora,descenso,26,1481,-395,0.0067899482962737855,0.0030577909302469952,CMF,0.92,,,1,0.117,especialista,MID,,Playmaker,,,baja,Player_015,Demo Club Mediterráneo,0.647,0.453,0.271,0.219,-0.069,0.515,0.137,0.102,0.629,0.661,1.982,0.202,1.222,3.233,0.374,0.949,0.756,1.612,0.078,52.843,23.785,9.157,8.417,2.405,5.769,0.109,0.45,0.178,5.673,0.705,0.455,0.845,0.331,1.407,1.604,0.981,1.096,1.388,1.031,1.093,1.715,0.0,0.434,4.734,2.946,0.333,0.158,0.309,0.4,0.65,0.748,1.397,16.978515775362084,58.24231639576222,61.59852143237212,68.70359857584006,73.31552553519703,50.72149260276962,42.771840241868674,69.00911174750901,44.59990263525368,55.378441986166756,71.81974971227336,53.27823963768034,CMF_1,,2.66,1258.7166466489582,10508.06,107.91,1172.21,283.82,167.45,410.61,3.5,6.33,3.28,29.61,Demo Club Mediterráneo,1992-06-19,Demo España,X0,12.098,21.0,1,1,1,0,0.716,32,0,817,241,21.092,2.558,train,0.493057790930247,58.92,Medio,X1,0.493057790930247,0.49,0.0030577909302469952,0.0030577909302469952,valid,16.0,2024-05-25,1.0,0.3214,0.0793,0.2569628740875263,0.1073,0.0797,0.2165,0.1808,0.3468,0.0,0.2502,0.0067899482962737855,0.0046,valid,3.9357,3.1032,1.2757,0.4432,1.4796,1.1666,1.2757,0.4796,Ajustado,descenso,15,26,descenso,26,False,True,0.3057790930246995,0.6789948296273786,Ajustado,1-5 M€
900016,derecho,187,89,34090000.0,4.0,23,51.0,Francia,champions,79,660,283,0.0007969169399796453,0.0,CF,0.996,,,1,0.088,especialista,ATT,,Target Man,,,baja,Player_016,Demo Club Atlántico,1.423,1.324,0.427,0.137,0.104,0.963,0.143,0.178,1.113,1.02,2.986,0.531,0.475,1.834,0.494,0.486,1.156,1.352,0.077,53.065,13.94,5.284,4.91,1.982,3.934,0.074,0.263,0.117,3.983,0.934,0.19,0.502,0.189,0.946,0.83,0.432,0.378,0.168,0.621,0.286,0.315,0.721,0.809,1.731,4.386,0.18,0.344,0.198,0.228,0.066,-0.114,1.448,55.81557908291142,56.482948642750245,67.61279058623991,76.64033563474825,62.91279685600375,21.385703346689915,49.814625977634975,21.35209775516629,48.597742231019254,31.16955024668066,34.3592647353228,30.01240391128394,CF_3,,34.09,629.7912029195469,9795.71,104.1,817.12,601.68,96.69,515.09,3.25,5.74,3.88,29.59,Demo Club Atlántico,2001-03-13,Demo Brasil,X0,3.723,60.0,0,3,0,0,0.366,23,1,723,213,15.504,2.938,train,0.46428015799617894,1.63,Bajo,X1,0.46428015799617894,0.49,0.0,0.0,train,19.0,2024-05-25,0.0,0.072,0.0639,0.12622367896258002,0.0626,0.0673,0.0573,0.1369,0.1809,0.0,0.1254,0.0007969169399796453,0.0003,train,36.4005,40.7837,2.3105,6.6937,1.0678,1.1964,2.3105,0.0678,Ajustado,champions,16,79,champions,79,False,False,0.0,0.07969169399796452,Ajustado,15-40 M€
900017,derecho,196,88,13510000.0,0.5,26,59.0,España,europa,64,1484,-856,0.0033399946453982637,0.03254808146948762,FB,0.933,,,1,0.007,principal_clara,DEF,,Inverted Wing Back,,,baja,Player_017,Demo Club Sur,0.344,0.209,0.23,0.177,-0.013,0.807,0.154,0.146,0.775,0.687,1.49,0.217,0.649,2.118,0.117,0.647,0.229,1.349,0.153,49.856,12.615,7.272,2.306,2.3,4.503,0.09,0.253,0.108,4.702,0.794,0.97,1.246,0.777,2.567,3.083,0.78,1.016,1.217,0.597,0.798,1.467,1.542,1.003,4.679,3.747,0.827,0.205,1.201,0.823,0.902,0.963,0.739,60.9852369472201,39.094445196838414,65.98696478159742,61.38644473165508,17.50637100921118,52.09284112756571,30.708409076486326,47.89923288396647,44.45315964759213,57.73110261126187,60.05175510427028,59.18397912114726,FB_2,,13.51,1409.3930372655109,10073.69,115.61,1363.85,524.47,160.58,484.94,6.97,8.37,1.38,33.27,Demo Club Sur,1998-08-18,Demo Brasil,X1,4.427,7.0,0,4,1,0,0.215,26,0,650,40,14.171,1.126,test,0.5225480814694876,41.59,Medio,X1,0.5225480814694876,0.49,0.03254808146948762,0.03254808146948762,train,25.0,2024-05-25,0.0,0.1334,0.1482,0.26608466907735207,0.1277,0.1531,0.1018,0.1863,0.4262,0.0,0.2627,0.0033399946453982637,0.0209,valid,12.5421,12.3438,-0.9679,-1.1662,0.9284,0.9137,0.9679,0.0716,Ajustado,europa,17,64,europa,64,True,False,3.254808146948762,0.3339994645398264,Ajustado,5-15 M€
900018,derecho,191,85,8320000.0,2.0,29,12.0,Norte de África,media_tabla,51,772,-546,0.00289200724135801,0.013798743016916859,CMF,0.938,AMF,0.277,2,0.54,polivalente,MID,MID,Box-to-box Midfielder,Second Striker,AMF,media,Player_018,Demo Club Interior,0.821,0.665,0.107,0.148,-0.008,0.703,0.052,0.048,0.631,0.62,2.052,0.099,0.939,2.269,1.217,1.154,0.722,1.594,0.071,46.126,22.275,9.591,10.905,1.973,6.014,0.13,0.483,0.204,6.201,0.925,1.318,1.282,0.858,1.22,2.243,0.702,1.448,1.623,1.539,0.909,1.339,0.0,0.044,4.982,3.364,0.825,0.277,0.844,0.304,0.828,0.392,0.331,34.709930558366565,36.639944975249165,70.62567827093775,43.97928573321951,79.39893343412002,31.899010589397164,60.53549885293724,58.811998285492926,48.95393788084739,44.93203185381333,67.84517380152722,38.7819665057026,CMF_3,AMF_2,8.32,615.0206206626596,9720.41,105.09,1145.16,450.52,135.01,494.29,4.12,6.68,0.62,28.55,Demo Club Interior,1995-10-26,Demo Brasil,X1,17.937,30.0,1,4,0,0,0.701,29,1,86,133,44.711,3.069,test,0.5037987430169169,77.19,Medio,X1,0.5037987430169169,0.49,0.013798743016916859,0.013798743016916859,test,23.0,2024-05-25,1.0,0.1036,0.0423,0.17954088927055398,0.0934,0.1788,0.1413,0.1346,0.3022,0.0,0.1766,0.00289200724135801,0.0094,train,6.1699,5.7295,-2.1501,-2.5905,0.7416,0.6886,2.1501,0.2584,Potencialmente sobrevalorado,media_tabla,18,51,media_tabla,51,True,True,1.379874301691686,0.289200724135801,Sobrevalorado por mercado,5-15 M€
900019,izquierdo,181,72,13480000.0,4.0,29,32.0,Sudamérica exportadora,baja_tabla,39,1537,640,0.0018198290597790437,0.0,WF,0.924,,,1,0.03,principal_clara,ATT,,Inside Forward,,,baja,Player_019,Demo Club Norte,1.325,1.207,0.347,0.245,0.093,0.794,0.128,0.162,1.108,0.879,2.715,0.44,0.58,2.847,0.773,1.468,1.358,1.533,0.257,56.011,19.634,6.895,13.746,5.795,8.537,0.152,0.351,0.175,8.679,1.247,0.991,1.499,1.269,2.836,5.399,0.962,1.236,0.613,0.766,0.463,2.399,1.353,1.559,3.155,1.823,0.833,0.124,0.245,0.415,0.264,0.272,1.12,43.032924714679844,58.63362031915288,42.82655284775767,75.52418182182481,38.30834781135896,38.241765816642804,81.26544495907409,73.50689649730904,39.06359374587591,65.5758845884792,46.0522572940215,40.74452311175372,WF_1,,13.48,1594.0063505257185,9721.74,103.68,1173.46,628.82,208.54,865.07,5.67,11.46,2.06,31.87,Demo Club Norte,1995-09-01,Demo Argentina,X1,5.586,60.0,0,4,0,0,0.106,29,0,75,45,30.186,2.497,train,0.46148833882566487,35.91,Bajo,X1,0.46148833882566487,0.49,0.0,0.0,train,28.0,2024-05-25,1.0,0.1419,0.1597,0.200866158825991,0.1044,0.1588,0.1368,0.2256,0.2493,0.0,0.199,0.0018198290597790437,0.0007,valid,11.8233,11.484,-1.6567,-1.996,0.8771,0.8519,1.6567,0.1229,Ajustado,baja_tabla,19,39,baja_tabla,39,True,True,0.0,0.18198290597790437,Ajustado,5-15 M€
900020,ambidiestro,180,70,25250000.0,1.0,24,21.0,Sudamérica exportadora,descenso,30,3168,-174,0.005789985557470286,0.0,FB,0.925,DMF,0.267,2,0.338,polivalente,DEF,MID,Full Back,Ball Winning Midfielder,DMF,media,Player_020,Demo Club Capital,0.513,0.592,0.149,0.185,-0.038,0.65,0.123,0.091,0.558,0.405,1.215,0.111,0.181,2.191,0.482,0.552,0.383,0.797,0.068,47.894,14.221,8.693,3.744,2.204,6.474,0.135,0.297,0.113,6.851,0.77,0.476,1.216,0.645,1.754,1.851,0.865,1.123,0.764,0.747,0.484,1.801,1.706,1.585,6.003,4.517,1.045,0.257,1.13,1.245,1.295,1.013,1.244,31.846254766701925,29.972945603681037,38.157799576045306,34.530483158896686,44.05259542882165,48.81700228865276,55.167066353255876,28.879798617430804,49.162773635678754,50.42234600865553,64.9435410583774,39.934915718012654,FB_3,DMF_2,25.25,3289.0572459346454,9559.57,122.4,1183.17,394.71,73.48,792.83,5.93,6.84,1.69,30.02,Demo Club Capital,2000-01-20,Demo Uruguay,X1,6.252,60.0,0,1,0,0,0.889,24,0,533,131,26.315,3.623,test,0.4462494572371653,51.32,Bajo,X0,0.4462494572371653,0.49,0.0,0.0,valid,17.0,2024-05-25,0.0,0.4837,0.1402,0.4243267702695404,0.2581,0.1442,0.2282,0.5114,0.5353,2.0,0.4185,0.005789985557470286,0.0023,train,25.1792,27.2641,-0.0708,2.0141,0.9972,1.0798,0.0708,0.0028,Ajustado,descenso,20,30,descenso,30,True,False,0.0,0.5789985557470286,Ajustado,15-40 M€
900021,izquierdo,196,68,2460000.0,2.0,31,29.0,Sudamérica exportadora,champions,83,2205,1020,0.0037946468046305905,0.0,CB,0.857,,,1,0.136,principal_clara,DEF,,Ball Playing Defender,,,baja,Player_021,Demo Club Mediterráneo,-0.246,-0.001,0.048,0.034,-0.008,0.354,0.053,0.044,0.408,0.0,0.903,0.04,0.048,1.28,0.693,0.262,0.147,0.0,0.024,52.773,15.642,6.292,0.0,0.684,1.895,0.036,0.296,0.057,1.872,0.421,0.393,0.395,0.262,0.965,1.784,0.0,0.135,0.854,0.386,0.223,1.051,0.193,0.0,8.071,4.502,1.083,0.122,1.444,0.77,1.286,1.028,0.231,39.972607692775895,51.177241690489886,17.35609330300246,20.49273980332613,29.14125870054025,50.99576483491265,47.721400710526545,32.46346272667447,55.28268824768996,70.69516222310642,42.657161054949306,61.944472854006264,CB_2,,2.46,2092.830799686973,8704.22,96.89,1224.61,457.6,99.87,623.49,4.23,12.43,1.51,28.06,Demo Club Mediterráneo,1993-07-20,Demo España,X0,20.708,60.0,0,3,0,0,0.392,31,1,488,59,43.301,2.667,train,0.48799007103577635,62.01,Medio,X1,0.48799007103577635,0.49,0.0,0.0,train,32.0,2024-05-25,0.0,0.2927,0.0902,0.3311827018991805,0.1682,0.1815,0.2168,0.362,0.398,1.0,0.3274,0.0037946468046305905,0.0015,train,3.9039,3.0649,1.4439,0.6049,1.587,1.2459,1.4439,0.587,Ajustado,champions,21,83,champions,83,False,False,0.0,0.37946468046305903,Ajustado,1-5 M€
900022,ambidiestro,191,66,1390000.0,1.0,30,40.0,Francia,europa,59,788,-748,0.0011197961629595419,0.02575554146516834,FB,0.944,,,1,0.045,principal_clara,DEF,,Inverted Wing Back,,,baja,Player_022,Demo Club Atlántico,0.767,0.414,0.143,0.093,0.015,0.508,0.084,0.093,0.819,0.963,1.704,0.158,0.737,0.872,0.334,0.401,0.307,0.859,0.048,43.944,12.996,7.886,5.779,1.167,5.018,0.114,0.296,0.123,5.311,1.269,0.567,0.663,0.626,2.035,3.582,0.945,1.0,0.849,0.784,0.6,0.747,1.547,1.701,4.539,3.106,1.494,0.289,0.559,0.54,1.078,1.202,1.341,62.49036567106242,35.48079759764102,40.50549755478979,89.98972136813504,34.57500772758228,45.25938489640319,48.448305214101865,48.09978992285527,51.04157826573028,35.72772947682091,69.92239824289105,50.95004078917788,FB_2,,1.39,657.7573442133364,8230.39,117.33,1182.09,288.34,120.58,534.18,5.6,8.76,2.21,29.16,Demo Club Atlántico,1994-10-21,Demo España,X0,10.752,21.0,0,1,0,0,0.66,30,0,372,34,10.756,3.76,train,0.5157555414651683,39.22,Medio,X1,0.5157555414651683,0.49,0.02575554146516834,0.02575554146516834,train,18.0,2024-05-25,0.0,0.1915,0.1114,0.15095218400948643,0.0792,0.1463,0.0755,0.1703,0.2134,0.0,0.1498,0.0011197961629595419,0.0159,train,2.3876,1.2381,0.9976,-0.1519,1.7177,0.8907,0.9976,0.7177,Ajustado,europa,22,59,europa,59,False,False,2.575554146516834,0.11197961629595418,Ajustado,1-5 M€
900023,ambidiestro,170,73,2690000.0,3.0,28,52.0,Europa resto,media_tabla,49,1620,570,0.002059820070215726,0.0,AMF,0.929,,,1,0.049,principal_clara,MID,,Advanced Playmaker,,,baja,Player_023,Demo Club Sur,1.525,0.922,0.2,0.197,-0.048,0.934,0.076,0.058,0.608,1.007,2.622,0.152,1.013,2.558,1.14,1.065,0.917,2.119,0.132,58.604,21.927,10.646,10.014,6.05,4.202,0.072,0.374,0.188,4.695,0.903,0.827,0.891,0.337,2.807,2.723,0.711,1.086,0.9,1.401,0.985,1.189,0.0,0.0,1.875,2.307,0.688,0.276,0.248,0.353,0.242,0.447,0.914,40.305442244066185,43.004024022136164,73.62282317055158,56.91523551773467,34.88709198795318,31.88122311518069,48.776327908477356,80.97327167510659,65.7245873567276,54.89028499568727,50.036180918650956,57.99402297126848,AMF_1,,2.69,1464.537243511177,10108.93,105.69,1198.89,403.09,75.86,421.4,2.1,4.56,1.48,25.81,Demo Club Sur,1996-04-13,Demo España,X1,3.892,21.0,0,2,0,0,0.288,28,1,754,112,13.515,2.137,train,0.42793091745010486,16.71,Bajo,X0,0.42793091745010486,0.49,0.0,0.0,train,15.0,2024-05-25,0.0,0.2059,0.1144,0.27601587107848813,0.1155,0.2527,0.103,0.2238,0.3393,0.0,0.274,0.002059820070215726,0.0008,valid,4.0051,3.1869,1.3151,0.4969,1.4889,1.1847,1.3151,0.4889,Ajustado,media_tabla,23,49,media_tabla,49,True,False,0.0,0.2059820070215726,Ajustado,1-5 M€
900024,derecho,168,67,1250000.0,5.0,26,36.0,Norte de África,baja_tabla,39,2477,576,0.001675768197273318,0.04286170313424942,FB,0.988,,,1,0.123,principal_clara,DEF,,Full Back,,,baja,Player_024,Demo Club Interior,0.735,0.519,0.223,0.163,-0.042,0.734,0.117,0.095,0.663,0.418,1.903,0.181,0.738,0.726,0.262,0.492,0.358,0.972,0.13,42.979,15.016,8.264,3.515,1.711,6.634,0.154,0.349,0.126,7.528,1.046,0.353,1.195,1.32,2.178,3.756,0.382,1.145,0.489,0.742,0.614,1.521,1.336,1.106,5.333,3.964,1.236,0.332,1.232,0.923,0.969,1.135,1.182,37.40887030961992,30.53509893509132,23.562258606826543,70.05271401967536,44.331740278551706,58.668678199932586,39.6750686601451,46.63586433143812,25.247369270927486,51.21790867608905,49.36728691587305,54.85046242985426,FB_3,,1.25,2192.9351571014154,9773.89,118.94,1272.72,431.2,186.07,791.47,8.41,6.33,1.22,31.63,Demo Club Interior,1998-02-04,Demo Senegal,X0,8.408,45.0,0,1,0,0,0.856,26,1,1062,202,31.223,1.259,test,0.5328617031342494,33.17,Medio,X1,0.5328617031342494,0.49,0.04286170313424942,0.04286170313424942,valid,23.0,2024-05-25,0.0,0.4292,0.1741,0.3099150411041565,0.1451,0.1484,0.1687,0.2989,0.4094,0.0,0.3082,0.001675768197273318,0.0264,train,2.8603,1.8076,1.6103,0.5576,2.2882,1.4461,1.6103,1.2882,Ajustado,baja_tabla,24,39,baja_tabla,39,False,False,4.286170313424941,0.1675768197273318,Ajustado,1-5 M€
900025,izquierdo,192,77,1570000.0,2.0,30,46.0,Norte de África,descenso,29,909,-323,0.00226823897099221,0.0,CF,0.972,,,1,0.042,especialista,ATT,,Target Man,,,baja,Player_025,Demo Club Norte,1.332,1.229,0.379,0.167,-0.084,1.889,0.1,0.078,0.688,0.956,3.779,0.295,0.775,2.452,0.756,0.607,1.379,1.419,0.058,34.466,12.342,6.245,7.447,1.875,5.124,0.149,0.358,0.18,5.617,0.528,0.399,0.241,0.65,0.693,0.557,0.328,0.382,0.476,0.865,0.771,0.424,0.112,0.053,1.76,5.81,0.401,0.103,0.285,0.103,0.704,0.338,0.228,46.283959948243286,64.36150395973822,43.26985109689632,47.87909847669528,12.60950112656257,28.789925396748203,35.728307381064525,50.96331011695927,35.16494528638534,38.74389434790555,48.16520810584132,31.396604800962187,CF_3,,1.57,859.5357659583944,9878.25,123.67,1525.41,734.31,279.07,625.14,4.91,7.87,2.46,30.0,Demo Club Norte,1994-10-21,Demo Francia,X1,2.102,30.0,1,3,0,0,0.317,30,1,973,73,3.873,1.337,test,0.397210763193669,71.61,Bajo,X0,0.397210763193669,0.49,0.0,0.0,valid,22.0,2024-05-25,0.0,0.2132,0.0451,0.18411290513919837,0.1049,0.1381,0.1252,0.2106,0.3064,2.0,0.1818,0.00226823897099221,0.0009,train,2.9476,1.9128,1.3776,0.3428,1.8775,1.2183,1.3776,0.8775,Ajustado,descenso,25,29,descenso,29,True,False,0.0,0.226823897099221,Ajustado,1-5 M€
900026,derecho,196,70,9830000.0,3.0,20,20.0,Portugal,champions,78,1496,1146,0.000738850262250556,0.0003629410178572767,CB,0.759,DMF,0.142,2,0.224,polivalente,DEF,MID,Stopper,Deep Lying Playmaker,DMF,alta,Player_026,Demo Club Capital,0.188,0.084,0.155,0.054,0.04,0.179,0.3,0.378,0.951,0.0,0.516,0.195,0.344,1.748,0.278,0.115,0.113,0.425,0.031,36.204,14.515,8.415,0.993,0.0,2.961,0.082,0.401,0.083,3.009,0.315,0.343,0.447,0.334,0.179,0.303,0.172,0.655,0.739,0.958,0.078,0.383,0.216,0.191,6.616,4.054,1.425,0.063,1.054,0.699,1.365,1.508,0.516,22.417475096433687,32.472041441146374,57.20877480734541,30.17291150526929,65.24227371810643,17.449662758015577,14.306023948756248,42.68922730489471,17.639969043104394,18.044894677887438,33.987751004857934,41.31852223750421,CB_1,DMF_1,9.83,1561.3232704741895,10782.87,115.1,1444.08,455.41,102.85,632.82,5.95,7.85,2.23,29.27,Demo Club Capital,2004-03-19,Demo Portugal,X1,2.407,10.0,0,4,1,0,0.776,20,0,241,195,18.891,1.329,train,0.49036294101785727,97.78,Medio,X1,0.49036294101785727,0.49,0.0003629410178572767,0.0003629410178572767,valid,9.0,2024-05-25,0.0,0.2821,0.1658,0.2213491299664106,0.1036,0.0905,0.1653,0.2625,0.3839,0.0,0.2206,0.000738850262250556,0.0005,valid,14.3385,15.2619,4.5085,5.4319,1.4586,1.5526,4.5085,0.4586,Potencialmente infravalorado,champions,26,78,champions,78,True,False,0.03629410178572767,0.0738850262250556,Infravalorado por mercado,5-15 M€
900027,ambidiestro,177,62,16469999.999999998,1.0,19,51.0,Europa top occidental,europa,66,2596,18,0.00206582250258741,0.058673172683578634,CF,0.873,,,1,0.053,principal_clara,ATT,,Target Man,,,baja,Player_027,Demo Club Mediterráneo,1.086,1.27,0.303,0.109,0.084,1.151,0.105,0.135,1.096,1.227,2.873,0.387,0.459,2.478,0.644,0.552,1.369,1.105,0.12,30.97,15.566,3.65,7.739,3.261,4.466,0.144,0.503,0.2,4.294,0.345,0.73,0.41,0.568,0.024,0.025,0.558,0.932,0.448,0.561,1.166,1.36,0.927,0.425,2.15,3.817,0.029,0.048,0.168,0.281,0.251,0.092,0.656,34.07189244240797,31.8403269113319,54.76015071888154,32.08800265911292,71.80914589595005,39.23003238966048,70.58434720313535,30.106149288610098,52.7149057422609,67.9036238520755,53.415856245868795,43.2404449102901,CF_3,,16.47,2399.4261775902874,9383.86,105.17,1277.61,503.44,238.3,975.86,7.3,7.57,4.0,26.46,Demo Club Mediterráneo,2005-04-13,Demo España,X0,22.66,30.0,1,3,1,0,0.918,19,1,320,227,24.732,3.114,train,0.5486731726835786,35.02,Medio,X1,0.5486731726835786,0.49,0.058673172683578634,0.058673172683578634,train,18.0,2024-05-25,1.0,0.4537,0.2245,0.3438191229630118,0.1378,0.2874,0.1501,0.2807,0.5635,0.0,0.3418,0.00206582250258741,0.036,valid,16.6325,16.9669,0.1625,0.4969,1.0099,1.0302,0.1625,0.0099,Ajustado,europa,27,66,europa,66,False,True,5.867317268357864,0.20658225025874102,Ajustado,15-40 M€
900028,ambidiestro,173,70,4450000.0,1.5,23,30.0,España,media_tabla,53,720,248,0.0013362282999973888,0.0,CB,0.725,FB,0.174,2,0.097,polivalente,DEF,DEF,Stopper,Full Back,FB,alta,Player_028,Demo Club Atlántico,0.476,-0.197,0.185,0.115,-0.003,0.208,0.263,0.259,0.774,0.0,0.704,0.182,0.248,1.554,0.0,0.344,0.211,0.167,0.065,47.552,13.044,8.178,5.093,0.736,3.819,0.08,0.274,0.063,4.18,0.286,0.275,0.492,0.204,0.439,0.72,0.519,0.568,0.646,0.771,0.195,0.248,0.366,0.252,4.617,2.838,1.462,0.086,0.54,1.433,1.283,1.476,0.379,39.06880832454477,12.476917064881395,51.30877128313205,48.07091360551405,32.60853815509969,81.7944861378049,36.399504249265185,77.73509705963207,40.24170231073804,55.74526182842084,45.69062539494925,61.224805123518834,CB_1,FB_3,4.45,615.3196166325367,9827.73,103.26,1363.8,300.95,213.62,735.2,6.97,8.0,1.22,26.42,Demo Club Atlántico,2001-12-06,Demo Francia,X1,2.948,30.0,0,4,0,1,0.519,23,0,403,142,30.324,3.401,test,0.4393938792483861,34.06,Bajo,X0,0.4393938792483861,0.49,0.0,0.0,train,13.0,2024-05-25,1.0,0.1058,0.072,0.13171536741853151,0.0551,0.042,0.0629,0.1525,0.1705,1.0,0.1304,0.0013362282999973888,0.0005,valid,6.0646,5.6682,1.6146,1.2182,1.3628,1.2738,1.6146,0.3628,Ajustado,media_tabla,28,53,media_tabla,53,True,True,0.0,0.13362282999973887,Ajustado,1-5 M€
900029,ambidiestro,190,80,2730000.0,5.0,20,47.0,España,baja_tabla,34,1826,620,0.0015198059040542598,0.0,CF,0.917,,,1,0.011,especialista,ATT,,Poacher,,,baja,Player_029,Demo Club Sur,1.307,1.007,0.3,0.022,-0.081,1.373,0.084,0.061,0.626,1.185,3.572,0.219,0.477,0.906,0.615,0.462,1.37,0.815,0.023,41.931,10.453,0.0,5.173,3.316,4.422,0.105,0.249,0.148,4.723,0.227,0.803,0.31,0.583,0.987,1.323,0.314,0.351,0.861,0.771,1.585,1.158,0.336,0.296,2.104,3.871,0.123,0.173,0.118,0.261,0.063,0.851,0.278,99.29661861163228,57.6099378105459,42.909823007309384,43.46458010188871,42.007189624135925,44.34405642336165,63.16247509753705,48.00053890937673,56.142820287217916,62.9629027198329,54.08647399097898,30.654975681346336,CF_1,,2.73,1542.3557129661133,9766.2,113.99,1594.61,341.5,43.43,579.59,4.06,9.2,2.16,29.66,Demo Club Sur,2004-09-19,Demo Senegal,X1,7.229,14.0,0,3,0,0,0.52,20,0,854,28,13.548,1.074,train,0.4393170941233274,30.45,Bajo,X0,0.4393170941233274,0.49,0.0,0.0,valid,19.0,2024-05-25,1.0,0.2859,0.1179,0.2443828477405331,0.1447,0.2152,0.2038,0.2879,0.3025,0.0,0.2429,0.0015198059040542598,0.0006,valid,3.2717,2.3033,0.5417,-0.4267,1.1984,0.8437,0.5417,0.1984,Ajustado,baja_tabla,29,34,baja_tabla,34,True,True,0.0,0.15198059040542597,Ajustado,1-5 M€
900030,izquierdo,175,73,3790000.0,1.0,29,48.0,Europa resto,descenso,28,798,-27,0.001390364376682148,0.0,CB,0.941,,,1,0.12,especialista,DEF,,Sweeper,,,baja,Player_030,Demo Club Interior,0.311,0.281,0.165,0.125,-0.041,0.576,0.093,0.07,0.577,0.095,1.782,0.124,-0.082,0.866,0.21,0.136,0.153,0.852,0.116,24.853,13.602,8.277,4.797,1.692,4.325,0.174,0.547,0.121,4.54,0.342,0.368,0.502,0.149,0.196,0.326,0.641,0.134,0.08,0.797,0.109,0.361,0.765,0.0,4.654,4.491,1.533,0.265,0.878,0.465,1.11,1.484,0.638,52.096938405006355,45.08185894895354,61.91780943640503,42.9220679811731,33.016799302717985,77.5587850522108,7.905610374422544,56.652895630842295,38.13353396438784,49.44975592285877,56.44207692817615,49.75571192200627,CB_3,,3.79,668.4631605939204,10120.22,118.39,940.29,575.76,248.65,508.6,5.96,8.21,2.22,28.73,Demo Club Interior,1995-03-23,Demo Senegal,X1,4.642,30.0,0,1,0,0,0.567,29,1,776,95,11.121,3.02,test,0.47097538880785045,62.43,Bajo,X1,0.47097538880785045,0.49,0.0,0.0,test,17.0,2024-05-25,0.0,0.1681,0.1112,0.1730754661082193,0.0762,0.0931,0.1627,0.1212,0.2866,2.0,0.1717,0.001390364376682148,0.0006,valid,3.2011,2.2182,-0.5889,-1.5718,0.8446,0.5853,0.5889,0.1554,Ajustado,descenso,30,28,descenso,28,True,False,0.0,0.1390364376682148,Ajustado,1-5 M€
900031,ambidiestro,180,80,23490000.0,0.5,22,37.0,Argentina,champions,82,853,664,0.0009239207734695132,0.040172835004880114,DMF,0.83,CB,0.208,2,0.209,polivalente,MID,DEF,Deep Lying Playmaker,Sweeper,CB,media,Player_031,Demo Club Norte,0.007,0.432,0.307,0.137,0.043,0.792,0.164,0.187,0.98,0.263,1.87,0.35,0.742,1.521,0.415,0.56,0.372,0.803,0.103,58.287,15.783,12.629,6.453,4.549,5.436,0.093,0.271,0.1,5.629,0.854,1.189,0.983,0.911,1.351,1.671,1.035,1.138,1.529,0.865,0.301,1.434,0.289,0.13,5.695,4.48,1.326,0.066,0.978,1.134,1.231,1.157,0.476,39.39309252057228,52.43270782173634,40.38209420138082,44.601528509770795,63.32852290310491,84.36324353882384,35.90174941123724,55.83702812965369,45.1688095356853,84.925764993943,91.05194051512021,55.80281320635408,DMF_1,CB_3,23.49,750.0214404001614,9270.79,104.77,1616.81,428.77,122.82,688.24,6.6,5.77,1.5,28.08,Demo Club Norte,2002-11-24,Demo España,X1,7.26,60.0,0,1,1,0,0.726,22,1,136,146,40.841,3.836,train,0.5301728350048801,91.26,Medio,X1,0.5301728350048801,0.49,0.040172835004880114,0.040172835004880114,test,15.0,2024-05-25,0.0,0.1472,0.0579,0.1861012348706038,0.0834,0.1188,0.1791,0.1471,0.2298,2.0,0.1852,0.0009239207734695132,0.0245,train,20.7755,21.9584,-2.7145,-1.5316,0.8844,0.9348,2.7145,0.1156,Ajustado,champions,31,82,champions,82,True,False,4.017283500488011,0.09239207734695132,Ajustado,15-40 M€
900032,izquierdo,174,64,6570000.0,4.0,33,54.0,Europa top occidental,europa,66,987,674,0.0005396796395071345,0.0,CF,0.948,,,1,0.058,especialista,ATT,,Poacher,,,baja,Player_032,Demo Club Capital,1.334,1.216,0.29,0.085,-0.05,1.524,0.089,0.074,0.706,1.612,3.263,0.24,0.298,1.663,0.619,0.431,1.611,0.992,0.082,47.922,13.243,4.033,0.695,3.297,4.857,0.101,0.276,0.129,4.944,0.522,0.465,0.324,0.321,0.841,1.053,0.4,0.557,1.139,0.668,0.433,0.686,0.18,0.121,2.32,5.48,0.41,0.304,0.133,0.247,0.042,0.341,0.619,93.57590399758402,45.09391734765903,46.92407886508855,28.09019648177142,51.36545205272255,23.588427075227568,82.26746213082258,54.95105297556982,47.770660889201444,22.060650616790355,25.468246701855765,36.180584450168645,CF_1,,6.57,1012.5128352757015,10407.58,119.09,1622.16,543.26,200.91,616.49,6.85,9.07,3.02,33.21,Demo Club Capital,1991-01-09,Demo Brasil,X1,5.179,10.0,0,1,1,0,0.21,33,1,726,86,13.031,2.653,train,0.45505753909430613,62.39,Bajo,X0,0.45505753909430613,0.49,0.0,0.0,valid,18.0,2024-05-25,0.0,0.1374,0.1011,0.16175636237635316,0.0717,0.1607,0.1383,0.1191,0.2106,1.0,0.1612,0.0005396796395071345,0.0002,valid,7.1976,7.0332,0.6276,0.4632,1.0955,1.0705,0.6276,0.0955,Ajustado,europa,32,66,europa,66,True,False,0.0,0.053967963950713446,Ajustado,5-15 M€
900033,ambidiestro,187,64,2580000.0,2.0,25,77.0,Portugal,media_tabla,48,3113,1043,0.0011919037509074935,0.0,WF,0.888,FB,0.23,2,0.099,polivalente,ATT,DEF,Wide Playmaker,Inverted Wing Back,FB,media,Player_033,Demo Club Mediterráneo,1.36,1.083,0.336,0.163,-0.073,1.307,0.128,0.1,0.681,0.823,2.619,0.263,1.367,2.559,0.825,1.165,1.52,1.908,0.068,56.229,15.774,5.311,11.603,4.959,7.033,0.125,0.281,0.174,6.898,1.166,0.725,1.451,1.109,2.986,3.104,0.909,0.826,0.524,0.757,0.506,1.728,1.465,1.325,2.343,0.702,0.686,0.224,0.217,0.129,0.549,0.201,0.83,54.58831777556593,71.0426652656993,0.0,67.20477757335968,40.39993248151036,61.55088273939859,47.936775538680905,69.33252008928068,25.65129371571505,33.8427574370927,62.84010579502209,59.96784519377621,WF_2,FB_2,2.58,3017.3768778425124,9996.77,116.48,1168.91,294.32,212.87,831.18,8.69,6.62,2.7,31.94,Demo Club Mediterráneo,1999-02-10,Demo Brasil,X1,4.747,30.0,0,3,0,0,0.513,25,1,853,119,40.041,3.383,train,0.4405227831790429,66.11,Bajo,X0,0.4405227831790429,0.49,0.0,0.0,train,29.0,2024-05-25,1.0,0.2579,0.2579,0.3604640139401216,0.2434,0.3099,0.2992,0.4041,0.4538,2.0,0.3593,0.0011919037509074935,0.0005,valid,3.6827,2.7984,1.1027,0.2184,1.4274,1.0847,1.1027,0.4274,Ajustado,media_tabla,33,48,media_tabla,48,True,True,0.0,0.11919037509074935,Ajustado,1-5 M€
900034,derecho,175,62,10210000.0,2.0,27,68.0,Sudamérica exportadora,baja_tabla,41,2127,1093,0.002550156264616793,0.03590447029574584,WF,0.727,FB,0.28,2,0.091,polivalente,ATT,DEF,Wide Playmaker,Full Back,FB,alta,Player_034,Demo Club Atlántico,0.898,1.306,0.435,0.14,0.084,1.633,0.141,0.168,1.07,1.587,3.088,0.519,1.041,3.195,0.928,1.355,1.04,1.399,0.068,43.896,14.017,8.536,9.978,3.572,6.541,0.149,0.319,0.223,7.0,1.322,1.11,0.796,1.613,2.644,2.255,1.093,1.511,0.666,0.53,0.498,1.282,1.737,1.283,3.101,1.026,0.362,0.01,0.367,0.131,0.4,0.102,1.003,58.43899182225446,59.32546589559566,37.564047275533866,59.80380343685306,47.704692550152345,33.19724385235306,76.22083144512864,59.15761661498803,46.23809564321092,35.92056670904675,42.673219563269704,16.68987242874382,WF_2,FB_3,10.21,2016.811732643619,10934.02,106.31,1039.12,440.92,204.89,839.8,7.36,8.15,2.73,33.84,Demo Club Atlántico,1997-05-02,Demo Argentina,X1,13.283,30.0,0,4,1,0,0.55,27,0,326,32,35.197,3.799,train,0.5259044702957458,76.21,Medio,X1,0.5259044702957458,0.49,0.03590447029574584,0.03590447029574584,valid,6.0,2024-05-25,1.0,0.3362,0.1198,0.281636616800843,0.1596,0.0862,0.2684,0.2719,0.4207,0.0,0.2791,0.002550156264616793,0.0226,train,11.6339,11.9256,1.4239,1.7156,1.1395,1.168,1.4239,0.1395,Ajustado,baja_tabla,34,41,baja_tabla,41,True,True,3.590447029574584,0.2550156264616793,Ajustado,5-15 M€
900035,ambidiestro,171,79,760000.0,2.5,34,84.0,Sudamérica exportadora,descenso,26,1354,-877,0.004421408712797614,0.004146186577926647,CB,0.993,,,1,0.131,principal_clara,DEF,,Ball Playing Defender,,,baja,Player_035,Demo Club Sur,0.1,0.178,0.08,0.117,0.003,0.431,0.093,0.096,0.638,0.029,0.861,0.083,-0.132,0.716,0.433,0.319,0.309,0.899,0.108,36.019,18.11,10.728,3.094,0.0,5.714,0.159,0.503,0.083,6.266,0.18,0.267,0.441,0.207,0.931,1.551,0.432,0.22,0.253,0.337,0.22,0.52,0.635,0.262,5.087,4.082,1.152,0.133,0.984,0.693,1.19,1.404,0.937,55.58208680560983,47.62243551001454,61.908893644613315,26.091777132024298,45.887127112722666,50.99011281191855,41.320780049619344,37.68896708733662,53.24753599669925,75.36024535812234,55.53647865250366,57.42406015394129,CB_2,,0.76,1352.5241844328539,8395.48,93.02,1018.71,477.59,132.84,615.55,4.05,8.93,1.52,28.02,Demo Club Sur,1990-05-16,Demo Portugal,X1,25.814,30.0,0,1,1,0,0.126,34,1,278,154,17.005,1.125,train,0.49414618657792664,1.28,Medio,X1,0.49414618657792664,0.49,0.004146186577926647,0.004146186577926647,test,17.0,2024-05-25,0.0,0.2231,0.0694,0.25494122426575727,0.1657,0.0848,0.1678,0.2195,0.2901,0.0,0.2505,0.004421408712797614,0.0043,valid,1.8826,0.6296,1.1226,-0.1304,2.4771,0.8284,1.1226,1.4771,Ajustado,descenso,35,26,descenso,26,True,False,0.4146186577926647,0.4421408712797614,Ajustado,0-1 M€
900036,ambidiestro,178,89,3010000.0,3.0,31,28.0,Norte de África,champions,82,788,-249,0.0014102011716313442,0.0,CF,0.979,,,1,0.082,principal_clara,ATT,,Mobile Striker,,,baja,Player_036,Demo Club Interior,1.125,1.381,0.369,0.15,0.116,1.05,0.112,0.147,1.158,1.616,3.292,0.485,0.586,1.989,0.606,0.58,1.542,1.109,0.076,43.043,13.219,10.812,4.658,3.756,5.05,0.117,0.307,0.144,5.568,0.514,0.82,0.183,0.629,0.256,0.355,0.721,0.581,0.234,0.397,1.273,0.686,0.347,0.054,2.06,3.968,0.217,0.195,0.129,0.1,0.097,0.202,1.061,72.56318807384969,54.89272235292897,35.79307547023167,42.136228312568285,84.03736028204347,31.680954857846324,56.05768249398933,65.72844066812283,26.888433334701304,56.312647158462966,67.90130802589503,40.667826925860446,CF_2,,3.01,757.4037332827087,10360.01,113.25,632.14,583.73,233.24,770.92,2.65,9.26,2.1,28.41,Demo Club Interior,1993-12-07,Demo Argentina,X0,3.027,30.0,0,1,1,0,0.358,31,1,101,108,10.154,3.279,test,0.44429467814008294,18.04,Bajo,X0,0.44429467814008294,0.49,0.0,0.0,test,25.0,2024-05-25,0.0,0.169,0.0903,0.1349348965252778,0.0897,0.055,0.1083,0.1576,0.1525,0.0,0.1335,0.0014102011716313442,0.0006,valid,3.8348,2.9817,0.8248,-0.0283,1.274,0.9906,0.8248,0.274,Ajustado,champions,36,82,champions,82,False,False,0.0,0.14102011716313442,Ajustado,1-5 M€
900037,izquierdo,180,85,6890000.0,0.5,24,18.0,Portugal,europa,65,2124,1132,0.0021851221605522432,0.019312627663577886,WF,0.806,CF,0.268,2,0.555,polivalente,ATT,ATT,Winger,Target Man,CF,media,Player_037,Demo Club Norte,1.224,1.389,0.355,0.294,0.003,1.345,0.094,0.095,0.884,0.435,3.764,0.358,1.333,2.572,1.199,1.01,0.859,1.45,0.282,52.168,20.813,10.282,8.849,2.332,7.113,0.136,0.399,0.188,7.526,1.475,1.024,0.709,1.554,3.116,4.766,1.251,0.697,0.99,0.875,1.566,1.981,1.633,1.877,1.588,0.132,0.439,0.162,0.387,0.385,0.369,0.366,0.502,35.63004085698339,18.668922537888648,56.43896924590859,65.26601806950957,34.880650725703354,54.200347702837824,38.94838485495862,39.18258839914859,62.83273058245502,66.01605672936317,41.36154618800967,48.98939162004993,WF_3,CF_3,6.89,1625.5992033178666,10234.86,106.14,1211.47,503.02,205.37,854.72,6.97,10.01,3.86,31.63,Demo Club Norte,2000-04-25,Demo Argentina,X1,15.421,10.0,0,2,1,0,0.019,24,1,345,42,35.52,3.644,train,0.5093126276635779,88.66,Medio,X1,0.5093126276635779,0.49,0.019312627663577886,0.019312627663577886,test,17.0,2024-05-25,1.0,0.3409,0.2359,0.3214308124262236,0.2157,0.2122,0.2633,0.3663,0.3797,1.0,0.3192,0.0021851221605522432,0.0125,valid,6.9232,6.7027,0.0332,-0.1873,1.0048,0.9728,0.0332,0.0048,Ajustado,europa,37,65,europa,65,True,True,1.9312627663577886,0.21851221605522433,Ajustado,5-15 M€
900038,ambidiestro,193,74,9940000.0,3.0,29,45.0,Norte de África,media_tabla,51,1107,542,0.0026710689169926853,0.0,CMF,0.851,,,1,0.105,principal_clara,MID,,Holding Midfielder,,,baja,Player_038,Demo Club Capital,0.769,0.763,0.248,0.185,0.074,0.539,0.126,0.163,1.081,0.89,1.976,0.322,1.114,1.448,0.649,0.569,0.617,1.606,0.169,48.766,25.401,12.136,9.434,3.632,7.331,0.15,0.521,0.193,8.394,1.188,1.028,1.443,0.848,1.007,1.768,0.843,1.491,1.545,0.775,0.182,1.215,0.0,0.0,4.959,3.615,0.498,0.263,0.369,0.687,1.108,1.23,0.912,31.54430350066449,51.73903944902805,64.14144060109123,34.386023911302956,71.78048021210505,25.1328573698184,52.178974667511724,61.60687925480463,66.500304280531,65.45003071623903,74.73529414017851,38.21743823157279,CMF_2,,9.94,1102.4410177287514,11439.32,109.7,1199.24,378.8,149.75,335.4,4.71,9.6,1.63,30.15,Demo Club Capital,1995-09-01,Demo Marruecos,X1,4.486,21.0,0,3,0,0,0.83,29,1,313,241,20.497,2.187,train,0.46518310280840214,29.85,Bajo,X1,0.46518310280840214,0.49,0.0,0.0,valid,11.0,2024-05-25,0.0,0.1733,0.1352,0.18312262096452184,0.1167,0.0742,0.1093,0.1467,0.3268,2.0,0.1805,0.0026710689169926853,0.0011,train,7.3466,6.8154,-2.5934,-3.1246,0.7391,0.6857,2.5934,0.2609,Potencialmente sobrevalorado,media_tabla,38,51,media_tabla,51,True,False,0.0,0.26710689169926854,Sobrevalorado por mercado,5-15 M€
900039,derecho,172,84,1270000.0,2.5,30,79.0,Portugal,baja_tabla,43,921,-887,0.0004589214878587938,0.0,CB,0.978,,,1,0.104,especialista,DEF,,Stopper,,,baja,Player_039,Demo Club Mediterráneo,0.31,0.253,0.118,0.061,0.024,0.515,0.103,0.124,0.845,0.473,1.145,0.142,0.154,1.08,0.383,0.344,0.255,0.072,0.044,34.103,9.564,7.5,2.152,0.0,3.107,0.091,0.28,0.088,3.513,0.44,0.243,0.437,0.429,0.582,0.949,0.0,0.076,0.044,0.637,0.088,0.638,0.308,0.988,6.296,3.7,1.189,0.032,1.438,0.615,1.094,1.345,1.092,57.89016661042825,45.38956126930695,46.40731382259741,43.36273333838369,41.86471388930807,21.803748389937844,44.88308503917823,38.11263581828601,34.04819299130038,64.9113439110922,63.314524761576145,77.18915668704159,CB_1,,1.27,907.3045240057471,10414.61,100.1,1584.13,668.91,160.47,785.49,2.47,8.08,1.26,27.57,Demo Club Mediterráneo,1994-06-15,Demo Brasil,X0,5.608,45.0,0,4,1,0,0.816,30,1,1017,29,37.781,2.98,test,0.47570732834973795,96.43,Bajo,X1,0.47570732834973795,0.49,0.0,0.0,valid,26.0,2024-05-25,0.0,0.1706,0.0993,0.19303329816469028,0.1254,0.136,0.1396,0.1785,0.2958,1.0,0.1926,0.0004589214878587938,0.0002,train,2.6469,1.5505,1.3769,0.2805,2.0842,1.2209,1.3769,1.0842,Ajustado,baja_tabla,39,43,baja_tabla,43,False,False,0.0,0.045892148785879376,Ajustado,1-5 M€
900040,ambidiestro,174,79,2230000.0,2.5,29,74.0,Europa top occidental,descenso,36,2229,-833,0.0005644683224113774,0.025366161740442594,AMF,0.693,CMF,0.181,2,0.34,polivalente,MID,MID,Advanced Playmaker,Holding Midfielder,CMF,alta,Player_040,Demo Club Atlántico,1.089,1.187,0.325,0.202,0.048,0.82,0.11,0.126,0.995,1.229,2.967,0.373,1.517,2.958,0.997,0.841,0.872,1.936,0.107,45.529,21.418,9.511,7.31,4.401,8.615,0.189,0.47,0.242,9.507,0.815,1.109,0.821,0.908,2.385,4.103,0.853,1.171,1.116,0.561,0.459,0.958,0.914,0.0,3.27,2.409,0.392,0.19,0.347,0.156,0.384,0.183,0.213,67.11665788001646,44.57840259818214,72.5894070906019,76.08946458725809,96.5844725771415,56.101882752118954,55.24495907943175,64.60045817445369,46.37508026434935,55.07342896077516,54.246793070047765,11.523912142000448,AMF_1,CMF_2,2.23,1957.0924269762795,11603.83,101.07,1605.42,673.94,55.91,409.36,8.39,8.9,1.77,28.01,Demo Club Atlántico,1995-11-20,Demo España,X1,11.424,60.0,0,1,0,0,0.676,29,1,132,85,9.566,1.237,test,0.5153661617404426,38.68,Medio,X1,0.5153661617404426,0.49,0.025366161740442594,0.025366161740442594,valid,23.0,2024-05-25,0.0,0.4242,0.1385,0.2889646292604394,0.1825,0.244,0.2841,0.3383,0.4182,2.0,0.2884,0.0005644683224113774,0.0154,train,3.6979,2.8167,1.4679,0.5867,1.6583,1.2631,1.4679,0.6583,Ajustado,descenso,40,36,descenso,36,True,False,2.5366161740442594,0.05644683224113774,Ajustado,1-5 M€
900041,ambidiestro,196,77,750000.0,2.5,30,3.0,Sudamérica exportadora,champions,76,999,726,0.0052088207619528926,0.0,CB,0.877,,,1,0.113,especialista,DEF,,Ball Playing Defender,,,baja,Player_041,Demo Club Sur,-0.213,0.201,0.105,0.112,-0.028,0.516,0.087,0.064,0.497,0.0,1.212,0.077,0.307,0.325,0.307,0.267,0.28,0.74,0.122,53.084,14.868,9.275,0.252,1.046,4.685,0.088,0.28,0.057,4.726,0.216,0.33,0.385,0.336,0.08,0.15,0.134,0.253,0.641,0.702,0.345,0.535,0.0,0.0,7.018,5.221,1.246,0.264,0.637,0.788,1.601,1.112,1.313,30.57733239306662,24.36601970578844,43.956053886377,0.0,37.23920871780071,40.241566733746225,62.38798318439342,37.97938236973086,52.45104222064698,31.269506561280572,69.82698953646857,62.89213315662549,CB_2,,0.75,997.259759469346,9021.59,104.37,1156.29,300.56,211.02,391.58,6.71,9.08,1.67,25.17,Demo Club Sur,1994-07-04,Demo Uruguay,X0,3.455,60.0,0,2,0,0,0.436,30,1,621,236,0.393,2.241,train,0.40382805044767434,61.25,Bajo,X0,0.40382805044767434,0.49,0.0,0.0,valid,15.0,2024-05-25,0.0,0.2418,0.1356,0.17667173789147977,0.0931,0.112,0.1169,0.1481,0.2228,2.0,0.1715,0.0052088207619528926,0.0021,valid,2.0048,0.7769,1.2548,0.0269,2.6731,1.0359,1.2548,1.6731,Ajustado,champions,41,76,champions,76,False,False,0.0,0.5208820761952893,Ajustado,0-1 M€
900042,derecho,173,67,4190000.0000000005,4.0,26,71.0,Francia,europa,62,1933,348,0.0013991752409041173,0.0,DMF,0.963,,,1,0.107,principal_clara,MID,,Deep Lying Playmaker,,,baja,Player_042,Demo Club Interior,0.064,0.352,0.0,0.05,0.0,0.632,0.0,0.0,0.0,0.201,1.766,0.0,0.779,0.538,0.568,0.62,0.307,0.88,0.033,68.606,20.659,11.3,5.314,2.16,5.821,0.085,0.301,0.085,6.065,1.092,1.054,1.251,0.746,0.989,1.848,0.333,0.454,1.267,0.601,0.466,0.855,1.022,0.15,4.897,4.952,0.956,0.159,0.677,0.499,1.511,1.469,1.484,68.34852964439244,71.68422150289055,46.281533569570286,38.83779454486687,42.837123392405466,39.380142942293865,21.336873895212488,53.70578732960864,56.77655474314727,63.39931158422657,65.36631327795546,44.183697021039606,DMF_1,,4.19,1983.7150251602059,10636.81,99.12,1069.48,274.08,79.07,387.27,5.6,8.06,1.69,26.39,Demo Club Interior,1998-03-01,Demo Portugal,X1,11.102,7.0,1,2,0,0,0.618,26,1,236,91,13.57,1.417,test,0.4469189395068572,52.29,Bajo,X0,0.4469189395068572,0.49,0.0,0.0,train,13.0,2024-05-25,0.0,0.3954,0.1749,0.2862854604114279,0.1457,0.1136,0.2524,0.3395,0.3238,1.0,0.2849,0.0013991752409041173,0.0006,train,4.2219,3.4481,0.0319,-0.7419,1.0076,0.8229,0.0319,0.0076,Ajustado,europa,42,62,europa,62,True,False,0.0,0.13991752409041172,Ajustado,1-5 M€
900043,derecho,181,80,8420000.0,5.0,32,64.0,África subsahariana,media_tabla,46,2645,494,0.002056307512170448,0.0,DMF,0.986,,,1,0.091,principal_clara,MID,,Ball Winning Midfielder,,,baja,Player_043,Demo Club Norte,0.572,0.511,0.19,0.155,-0.006,0.535,0.129,0.125,0.767,0.103,1.471,0.184,0.718,2.655,1.162,0.778,0.549,0.596,0.121,63.417,23.653,6.603,9.547,2.768,5.494,0.087,0.373,0.091,5.902,1.019,0.829,1.149,1.062,0.56,0.704,0.35,1.03,1.156,0.806,0.44,1.321,0.109,0.305,5.774,2.912,1.26,0.323,0.528,0.364,1.068,1.641,0.673,58.00259984689115,55.062384939388856,52.008616491300764,41.90300431238604,67.65120505519879,60.761089406507125,34.624407544807895,30.709971630065205,71.96401817404637,66.82481988326694,46.938341249091586,68.40847610910068,DMF_2,,8.42,2126.345204598281,10330.7,112.16,1326.27,420.3,152.68,553.31,2.73,9.47,2.8,28.6,Demo Club Norte,1992-08-21,Demo Argentina,X1,9.103,21.0,1,3,0,0,0.945,32,0,299,221,24.088,3.368,test,0.4507108106783159,74.48,Bajo,X0,0.4507108106783159,0.49,0.0,0.0,valid,11.0,2024-05-25,0.0,0.191,0.1223,0.3418907205886433,0.18,0.1828,0.2387,0.328,0.4351,0.0,0.3398,0.002056307512170448,0.0008,valid,7.6757,7.5233,-0.7443,-0.8967,0.9116,0.8935,0.7443,0.0884,Ajustado,media_tabla,43,46,media_tabla,46,True,False,0.0,0.20563075121704477,Ajustado,5-15 M€
900044,izquierdo,191,81,17810000.0,2.0,20,30.0,Europa resto,baja_tabla,39,744,1197,0.00021171323373175063,0.0,FB,0.861,DMF,0.19,2,0.472,polivalente,DEF,MID,Inverted Wing Back,Deep Lying Playmaker,DMF,media,Player_044,Demo Club Capital,0.494,0.47,0.0,0.114,0.0,1.331,0.0,0.0,0.0,0.733,2.802,0.0,0.822,1.543,0.979,0.252,0.333,0.778,0.069,55.889,19.088,8.336,6.241,4.124,6.418,0.115,0.342,0.097,6.877,1.121,0.519,1.038,0.215,2.395,2.023,1.058,1.337,0.965,0.753,0.457,1.34,2.085,0.853,5.195,4.866,0.79,0.328,0.459,1.21,1.195,0.854,0.27,56.071140201731026,40.276015457325805,61.460933338525216,34.14140620630697,17.374911768325653,59.74189932806463,45.00270142796816,29.555575239262204,52.85838348971791,54.70557436055855,54.55171271599264,64.55849212857721,FB_2,DMF_1,17.81,648.3454258473848,10329.17,121.68,1327.89,502.2,270.46,930.97,6.97,11.54,2.45,26.79,Demo Club Capital,2004-11-21,Demo Marruecos,X0,6.209,30.0,0,4,1,0,0.693,20,1,129,177,1.871,1.268,train,0.4604309768874893,31.87,Bajo,X1,0.4604309768874893,0.49,0.0,0.0,valid,30.0,2024-05-25,0.0,0.1778,0.0821,0.1614904246323265,0.0657,0.1221,0.1441,0.1552,0.2645,0.0,0.1613,0.00021171323373175063,0.0001,valid,18.9847,19.8008,1.1747,1.9908,1.066,1.1118,1.1747,0.066,Ajustado,baja_tabla,44,39,baja_tabla,39,False,False,0.0,0.021171323373175063,Ajustado,15-40 M€
900045,izquierdo,180,79,9270000.0,2.0,29,40.0,África subsahariana,descenso,26,2294,178,0.002601381639606661,0.0,WF,0.858,,,1,0.038,principal_clara,ATT,,Wide Playmaker,,,baja,Player_045,Demo Club Mediterráneo,1.229,1.156,0.291,0.167,0.008,0.979,0.083,0.085,0.877,1.308,3.507,0.299,0.718,1.586,1.3,0.855,0.695,1.127,0.129,45.566,11.42,7.027,3.446,4.329,6.999,0.154,0.251,0.215,7.379,1.419,1.623,1.291,0.667,2.243,3.219,1.281,1.18,1.068,0.793,0.772,1.625,3.273,1.276,3.842,1.985,0.325,0.096,0.192,0.245,0.529,0.231,1.47,46.01837793110819,75.16908114542514,42.68217206988513,51.99816984403678,42.880035397946926,39.23358470328728,77.46213565529676,69.21176213708588,39.70282280282544,47.46948573453632,34.05496516534881,28.691257851659728,WF_2,,9.27,2275.47802945878,10793.09,100.99,1104.95,568.75,188.6,557.69,6.52,7.1,2.89,31.72,Demo Club Mediterráneo,1995-06-06,Demo Portugal,X0,5.792,21.0,0,3,0,0,0.552,29,1,536,191,34.359,2.575,test,0.44114922639254034,74.91,Bajo,X0,0.44114922639254034,0.49,0.0,0.0,valid,20.0,2024-05-25,0.0,0.2798,0.1877,0.26829691331515515,0.1265,0.2171,0.2523,0.2229,0.3421,1.0,0.2657,0.002601381639606661,0.001,valid,10.7562,11.0606,1.4862,1.7906,1.1603,1.1932,1.4862,0.1603,Ajustado,descenso,45,26,descenso,26,False,False,0.0,0.2601381639606661,Ajustado,5-15 M€
900046,derecho,179,74,11420000.0,2.5,30,49.0,Argentina,champions,80,1558,645,0.003151310398383098,0.0,CMF,0.74,AMF,0.263,2,0.421,polivalente,MID,MID,Box-to-box Midfielder,Second Striker,AMF,alta,Player_046,Demo Club Atlántico,0.464,0.928,0.197,0.141,0.058,1.065,0.075,0.097,1.032,1.164,2.639,0.255,0.839,3.2,1.05,0.528,0.314,1.52,0.105,53.585,22.08,10.499,11.583,2.912,8.688,0.162,0.412,0.175,9.617,0.68,0.739,1.261,0.602,1.081,1.501,1.083,1.071,0.996,1.773,0.795,1.798,0.063,0.0,2.491,2.474,0.585,0.173,0.845,0.668,0.503,0.394,1.337,45.60967312385507,62.87310427091971,44.68136080083195,42.21626040486445,61.18427332627989,44.75358320462196,44.39279308371442,30.227519384646396,47.18513834424906,51.83088598822032,72.36364775873105,39.93110975962682,CMF_3,AMF_2,11.42,1221.000802900525,11200.91,119.31,1278.33,372.72,261.94,295.55,7.2,11.48,0.8,29.33,Demo Club Atlántico,1994-08-27,Demo Portugal,X0,9.185,60.0,0,4,0,0,0.706,30,1,1082,86,17.294,2.525,train,0.43811458667662323,50.0,Bajo,X0,0.43811458667662323,0.49,0.0,0.0,train,29.0,2024-05-25,0.0,0.2886,0.1123,0.19584982620326727,0.0966,0.075,0.1325,0.1914,0.286,1.0,0.1927,0.003151310398383098,0.0013,valid,12.8806,13.1797,1.4606,1.7597,1.1279,1.1541,1.4606,0.1279,Ajustado,champions,46,80,champions,80,False,False,0.0,0.31513103983830976,Ajustado,5-15 M€
900047,izquierdo,172,63,3230000.0,5.0,23,83.0,Norte de África,europa,61,1661,-569,0.0016468470347675284,0.042253769666228624,CB,0.912,,,1,0.07,principal_clara,DEF,,Ball Playing Defender,,,baja,Player_047,Demo Club Sur,0.613,0.417,0.12,0.143,-0.031,0.586,0.106,0.078,0.524,0.0,1.135,0.089,0.23,1.967,0.722,0.171,0.289,0.421,0.091,27.306,9.551,7.564,5.525,0.0,2.914,0.107,0.35,0.11,3.288,0.204,0.165,0.15,0.186,1.007,1.362,0.436,0.462,0.337,0.362,0.167,0.572,0.721,0.187,6.106,3.395,1.377,0.197,0.909,1.078,1.448,1.111,1.454,61.37876641224395,55.076611902646846,59.08749368731626,28.86964450511421,70.34256815814899,51.29180692467979,37.315053705907346,48.921856805126126,59.779421814248074,39.39372041585186,47.094032729130525,46.85523852445616,CB_2,,3.23,1303.7517702972348,8937.97,110.96,1095.77,220.37,164.24,542.74,2.27,9.12,1.89,28.92,Demo Club Sur,2001-03-08,Demo Portugal,X1,16.671,30.0,0,2,0,0,0.813,23,1,780,30,24.774,2.282,train,0.5322537696662286,41.1,Medio,X1,0.5322537696662286,0.49,0.042253769666228624,0.042253769666228624,train,21.0,2024-05-25,1.0,0.3045,0.1082,0.26190169088406384,0.1075,0.1533,0.1459,0.308,0.3627,1.0,0.2603,0.0016468470347675284,0.026,train,4.4662,3.7424,1.2362,0.5124,1.3827,1.1586,1.2362,0.3827,Ajustado,europa,47,61,europa,61,True,True,4.225376966622862,0.16468470347675285,Ajustado,1-5 M€
900048,izquierdo,184,90,15410000.0,4.0,25,41.0,Europa top occidental,media_tabla,43,951,-268,0.0007526422886089323,0.015096078463640805,AMF,0.988,,,1,0.052,principal_clara,MID,,Second Striker,,,baja,Player_048,Demo Club Interior,1.395,1.05,0.355,0.123,0.107,1.219,0.102,0.132,1.141,1.43,3.49,0.462,1.346,3.646,1.314,0.892,1.311,1.318,0.118,54.512,21.219,10.056,9.388,3.819,5.742,0.105,0.389,0.202,5.739,0.841,1.169,0.557,0.832,2.115,3.884,0.725,0.933,1.081,1.537,1.265,0.985,0.397,0.776,3.324,2.123,0.436,0.227,0.517,0.415,0.394,0.444,0.766,53.01657029927809,67.1411597105795,79.68124515279001,53.37390643651429,33.70363508622768,57.1896210962536,64.96283787625117,55.12314673379493,56.56388068674434,53.56116551606618,51.84972293170724,22.675313573050015,AMF_2,,15.41,952.4264430215054,9987.13,101.79,1074.24,289.84,194.97,465.43,3.97,10.53,2.33,29.83,Demo Club Interior,1999-06-13,Demo Uruguay,X0,7.455,10.0,0,2,0,1,0.891,25,0,1023,34,22.952,1.53,test,0.5050960784636408,49.07,Medio,X1,0.5050960784636408,0.49,0.015096078463640805,0.015096078463640805,test,13.0,2024-05-25,1.0,0.2058,0.0435,0.17263523112151263,0.0773,0.0701,0.1719,0.1241,0.1996,2.0,0.1719,0.0007526422886089323,0.0094,train,15.5526,15.6658,0.1426,0.2558,1.0093,1.0166,0.1426,0.0093,Ajustado,media_tabla,48,43,media_tabla,43,False,True,1.5096078463640805,0.07526422886089323,Ajustado,15-40 M€
900049,ambidiestro,183,70,820000.0,4.0,27,11.0,Portugal,baja_tabla,39,1386,630,0.00040866998242033336,0.0,DMF,0.942,,,1,0.048,especialista,MID,,Ball Winning Midfielder,,,baja,Player_049,Demo Club Norte,0.342,0.425,0.243,0.134,0.066,0.483,0.25,0.318,1.055,0.158,0.972,0.309,0.608,1.847,0.354,0.268,0.472,0.771,0.101,56.46,27.237,11.563,3.998,2.285,7.287,0.129,0.482,0.103,7.588,1.017,1.088,0.97,1.183,1.452,2.126,1.216,0.49,0.877,1.543,0.352,1.142,0.0,0.324,5.625,3.525,1.107,0.293,0.985,0.764,0.806,0.349,0.635,51.64650255457657,55.88009692960518,63.423892356075314,52.06426090569226,90.61738787200666,52.40635451057008,19.635130598954607,31.135610861876184,75.78001743080344,65.24924708377793,47.26411067579545,51.19914357583409,DMF_2,,0.82,1214.5061611549077,9008.36,117.31,1104.33,209.13,173.93,579.4,4.36,6.8,1.65,29.4,Demo Club Norte,1997-06-17,Demo Argentina,X1,5.153,7.0,0,4,1,0,0.967,27,0,241,133,36.772,2.412,test,0.4746775521146768,89.14,Bajo,X1,0.4746775521146768,0.49,0.0,0.0,train,13.0,2024-05-25,0.0,0.2291,0.1631,0.20556798601957885,0.1154,0.1439,0.1869,0.1908,0.2929,2.0,0.2052,0.00040866998242033336,0.0002,valid,1.8713,0.616,1.0513,-0.204,2.2821,0.7512,1.0513,1.2821,Ajustado,baja_tabla,49,39,baja_tabla,39,True,False,0.0,0.04086699824203333,Ajustado,0-1 M€
900050,derecho,181,63,12460000.0,0.5,25,72.0,Europa top occidental,descenso,36,3199,-882,0.0001709315627063054,0.0,CF,0.883,,,1,0.103,principal_clara,ATT,,Mobile Striker,,,baja,Player_050,Demo Club Capital,1.365,1.379,0.377,0.142,0.098,1.251,0.155,0.195,1.112,1.081,2.43,0.475,0.27,1.373,0.774,0.44,0.645,1.045,0.051,36.286,15.563,3.889,4.563,3.465,5.906,0.163,0.429,0.171,6.308,0.741,0.529,0.199,0.442,1.844,2.85,0.293,0.656,0.778,0.89,0.79,1.163,0.818,0.0,0.992,3.577,0.289,0.077,0.147,0.101,-0.037,0.364,0.621,50.24866208891996,57.09522377470422,62.45853035325743,57.66179562928522,51.51478908734914,37.676984953417005,52.92376028046467,41.81914804517687,53.86579090435057,42.802169324027396,37.94183119401332,28.57823165051487,CF_2,,12.46,2469.307928502338,10523.55,103.35,1188.65,548.28,113.18,695.79,5.58,5.42,3.73,32.25,Demo Club Capital,1999-11-04,Demo Brasil,X0,16.232,10.0,0,3,0,0,0.57,25,0,696,47,10.621,2.789,test,0.41079185965551224,63.85,Bajo,X0,0.41079185965551224,0.49,0.0,0.0,valid,16.0,2024-05-25,1.0,0.5627,0.2394,0.4184096534751377,0.2117,0.3877,0.3835,0.493,0.5049,1.0,0.4182,0.0001709315627063054,0.0001,valid,9.8594,9.3268,-2.6006,-3.1332,0.7913,0.7485,2.6006,0.2087,Potencialmente sobrevalorado,descenso,50,36,descenso,36,False,True,0.0,0.017093156270630537,Sobrevalorado por mercado,5-15 M€
900051,ambidiestro,193,83,5410000.0,2.5,31,5.0,España,champions,80,1656,726,0.0011292418464587943,0.0,DMF,0.881,,,1,0.049,principal_clara,MID,,Ball Winning Midfielder,,,baja,Player_051,Demo Club Mediterráneo,0.453,0.393,0.22,0.07,0.053,0.617,0.13,0.162,1.011,0.483,1.687,0.273,0.641,1.808,0.735,0.647,0.356,1.011,0.053,56.481,20.507,10.358,8.382,1.12,6.22,0.11,0.363,0.103,6.95,0.859,0.263,0.655,0.358,1.149,2.076,0.645,1.204,0.829,1.72,0.168,1.147,0.893,0.176,5.642,4.252,1.456,0.292,1.35,1.438,0.728,1.092,0.28,21.15013085829918,52.304222120636084,64.66811952972094,77.93810282277275,52.15266667642426,37.0426783236511,61.51497012417105,63.29255756026291,51.662969241849524,28.075626644147654,75.42265689916802,53.262986133388225,DMF_2,,5.41,1714.6366096567954,8734.15,105.63,930.08,343.96,123.85,424.27,2.48,5.2,2.47,28.28,Demo Club Mediterráneo,1993-08-18,Demo Marruecos,X0,14.948,10.0,0,3,0,1,0.509,31,1,125,101,18.961,1.284,test,0.44417717776026056,72.92,Bajo,X0,0.44417717776026056,0.49,0.0,0.0,train,13.0,2024-05-25,0.0,0.2588,0.1737,0.22069837602437653,0.1301,0.1682,0.1523,0.2796,0.2877,0.0,0.2196,0.0011292418464587943,0.0005,train,5.0983,4.504,-0.3117,-0.906,0.9424,0.8325,0.3117,0.0576,Ajustado,champions,51,80,champions,80,False,False,0.0,0.11292418464587943,Ajustado,5-15 M€
900052,ambidiestro,183,77,4170000.0,5.0,19,36.0,España,europa,60,1973,-594,0.0006498374075431087,0.0,CB,0.686,DMF,0.157,2,0.111,polivalente,DEF,MID,Sweeper,Deep Lying Playmaker,DMF,alta,Player_052,Demo Club Atlántico,0.211,0.484,0.036,0.079,0.004,0.344,0.05,0.056,0.465,0.246,0.713,0.04,0.328,0.581,0.569,0.232,0.138,0.647,0.024,34.094,7.972,6.49,4.626,0.633,3.512,0.103,0.234,0.088,3.919,0.413,0.246,0.417,0.239,0.452,0.429,0.273,0.0,0.734,0.647,0.358,0.36,0.67,0.339,8.054,4.055,1.463,0.051,1.311,0.913,1.606,1.306,0.235,32.21400977123714,44.695772436580725,53.68476833499973,21.897878354723495,48.88259147235953,65.87985184052556,44.914358495503,40.96038732019316,26.740506798636602,20.796435401375703,62.75672029808469,67.97543491922279,CB_3,DMF_1,4.17,1602.0339364135823,9095.4,121.48,1075.36,156.16,181.51,543.61,4.69,6.68,2.72,29.75,Demo Club Atlántico,2005-04-02,Demo Brasil,X1,3.924,21.0,0,4,1,0,0.974,19,1,987,0,35.794,2.55,test,0.46518890447988226,96.6,Bajo,X1,0.46518890447988226,0.49,0.0,0.0,test,13.0,2024-05-25,0.0,0.2653,0.1709,0.286978219515787,0.1406,0.2631,0.2842,0.2379,0.4887,2.0,0.2863,0.0006498374075431087,0.0003,valid,3.6217,2.7249,-0.5483,-1.4451,0.8685,0.6535,0.5483,0.1315,Ajustado,europa,52,60,europa,60,True,False,0.0,0.06498374075431088,Ajustado,1-5 M€
900053,ambidiestro,185,82,16210000.0,1.0,20,83.0,Europa top occidental,media_tabla,49,895,436,0.007634436172224283,0.0,FB,0.84,DMF,0.27,2,0.387,polivalente,DEF,MID,Full Back,Deep Lying Playmaker,DMF,media,Player_053,Demo Club Sur,0.357,0.626,0.209,0.059,0.053,0.549,0.103,0.129,1.012,0.304,2.024,0.262,0.8,1.438,0.641,0.305,0.567,0.849,0.064,33.402,13.449,8.172,6.277,3.202,5.212,0.156,0.403,0.162,5.261,1.214,1.236,0.317,0.848,2.553,3.835,1.171,0.861,1.199,0.56,0.217,1.394,2.452,1.619,5.444,3.756,1.213,0.079,0.983,0.573,1.203,0.713,1.453,43.352685978179025,42.905542402009964,44.00117332292664,55.00044841628341,52.16762905916214,57.331847297746265,43.89245587224576,13.672010423577255,37.54454328325376,65.48673301078078,38.83010665920733,66.4812687607065,FB_3,DMF_1,16.21,675.7786647303868,9760.01,90.21,850.1,371.96,196.27,503.07,5.15,9.06,1.33,31.78,Demo Club Sur,2004-03-08,Demo Francia,X1,9.989,21.0,0,2,0,0,0.48,20,0,428,119,31.19,1.712,train,0.4405974598259827,29.62,Bajo,X0,0.4405974598259827,0.49,0.0,0.0,valid,14.0,2024-05-25,0.0,0.2537,0.1366,0.2113112578123879,0.1386,0.1904,0.1617,0.2039,0.3106,2.0,0.2037,0.007634436172224283,0.0031,train,17.36,17.8434,1.15,1.6334,1.0709,1.1008,1.15,0.0709,Ajustado,media_tabla,53,49,media_tabla,49,True,False,0.0,0.7634436172224283,Ajustado,15-40 M€
900054,derecho,184,74,3260000.0,1.0,26,58.0,África subsahariana,baja_tabla,38,1523,-86,0.000710419795295385,0.043208618197593474,CMF,0.691,DMF,0.129,2,0.034,polivalente,MID,MID,Playmaker,Deep Lying Playmaker,DMF,alta,Player_054,Demo Club Interior,0.826,0.717,0.303,0.145,-0.04,0.901,0.151,0.131,0.745,1.221,2.007,0.263,1.443,2.581,0.538,0.57,0.309,1.154,0.106,60.089,24.837,11.266,8.017,2.932,5.999,0.1,0.413,0.156,6.233,0.955,0.416,1.092,0.789,1.528,2.355,0.761,1.143,1.046,1.655,0.587,1.283,0.999,0.0,3.606,1.167,0.557,0.134,0.477,0.375,0.391,0.97,0.603,32.236372607175795,51.2378896332507,54.837304515577074,68.12186646165384,48.82142316510095,50.992346572228705,45.703529199212504,76.37883837593841,62.595817889271416,72.24664853710047,27.338389338905102,46.849517628464035,CMF_1,DMF_1,3.26,1215.8910424059113,9382.31,102.2,978.46,428.21,99.09,641.81,6.52,10.37,2.71,27.97,Demo Club Interior,1998-09-11,Demo Francia,X0,13.339,45.0,1,4,0,0,0.778,26,1,1015,8,2.743,2.755,test,0.5332086181975935,18.1,Medio,X1,0.5332086181975935,0.49,0.043208618197593474,0.043208618197593474,valid,27.0,2024-05-25,0.0,0.2555,0.1374,0.21235325122235515,0.1288,0.1918,0.1641,0.2278,0.3814,0.0,0.2116,0.000710419795295385,0.0262,train,4.6036,3.908,1.3436,0.648,1.4121,1.1988,1.3436,0.4121,Ajustado,baja_tabla,54,38,baja_tabla,38,False,False,4.320861819759347,0.0710419795295385,Ajustado,1-5 M€
900055,ambidiestro,187,72,1530000.0,0.5,29,40.0,Europa top occidental,descenso,28,2620,-338,0.0016849425091018731,0.0,FB,0.911,WF,0.146,2,0.039,polivalente,DEF,ATT,Wing Back,Wide Playmaker,WF,media,Player_055,Demo Club Norte,0.611,0.564,0.173,0.111,0.0,0.444,0.122,0.122,0.776,0.775,1.414,0.173,0.588,1.241,0.562,0.722,0.702,1.054,0.073,42.268,11.517,11.035,8.588,3.043,7.142,0.169,0.272,0.128,7.577,0.569,0.484,1.019,1.329,3.396,3.072,1.145,1.147,0.61,1.051,0.608,1.491,2.147,0.732,6.327,3.39,1.364,0.118,0.756,0.53,0.898,0.808,0.954,56.51179098947405,24.16293838253241,55.30310743540627,17.08505672882184,36.40303792237576,51.19025593544867,55.65176483120387,56.017596273242,31.76396770823489,27.646541580996008,73.32172551553029,68.18344409244325,FB_1,WF_2,1.53,2054.740421713805,10708.09,98.11,1235.21,514.75,126.95,784.69,8.16,7.29,0.8,31.3,Demo Club Norte,1995-10-20,Demo Argentina,X0,14.224,60.0,1,1,0,1,0.583,29,1,399,104,20.059,2.754,train,0.47653541534423954,22.15,Bajo,X1,0.47653541534423954,0.49,0.0,0.0,train,10.0,2024-05-25,1.0,0.3671,0.1393,0.33445374495817326,0.1367,0.1677,0.278,0.2501,0.4447,2.0,0.3328,0.0016849425091018731,0.0007,train,2.8974,1.8523,1.3674,0.3223,1.8937,1.2107,1.3674,0.8937,Ajustado,descenso,55,28,descenso,28,False,True,0.0,0.1684942509101873,Ajustado,1-5 M€
900056,ambidiestro,175,82,4270000.0,5.0,29,76.0,España,champions,82,2938,-505,0.002019732150503423,0.0,CMF,0.853,,,1,0.093,especialista,MID,,Playmaker,,,baja,Player_056,Demo Club Capital,1.047,0.662,0.356,0.155,0.068,1.489,0.126,0.15,1.044,0.51,2.828,0.424,0.866,1.47,0.809,1.196,0.477,1.016,0.109,62.267,21.67,13.883,10.515,4.805,5.753,0.092,0.348,0.151,6.545,1.033,1.199,0.651,1.297,1.32,2.034,0.939,1.0,1.207,1.403,1.044,0.966,0.692,0.751,3.734,2.669,1.212,0.031,0.859,0.51,0.478,0.904,1.264,52.83298848983529,52.19912480049526,52.998686301716596,29.543613676954614,70.98914033541566,63.19158382099464,62.215074995874744,43.94583574678208,60.76944536134303,47.17109742265138,67.68095086372512,53.31637902826138,CMF_1,,4.27,2817.083449139688,9683.53,104.31,875.86,374.56,173.22,578.75,6.03,9.31,1.82,25.54,Demo Club Capital,1995-08-14,Demo Francia,X0,4.257,45.0,0,4,1,0,0.728,29,1,495,125,26.089,1.401,train,0.4382102237652647,71.19,Bajo,X0,0.4382102237652647,0.49,0.0,0.0,train,21.0,2024-05-25,1.0,0.5019,0.2079,0.37967977832211763,0.1717,0.1724,0.3381,0.3653,0.5996,0.0,0.3777,0.002019732150503423,0.0008,train,3.6368,2.7431,-0.6332,-1.5269,0.8517,0.6424,0.6332,0.1483,Ajustado,champions,56,82,champions,82,False,True,0.0,0.2019732150503423,Ajustado,1-5 M€
900057,izquierdo,174,90,5950000.0,2.5,30,42.0,Portugal,europa,59,1829,1150,0.0006669083975071445,0.0,WF,0.918,,,1,0.108,principal_clara,ATT,,Inside Forward,,,baja,Player_057,Demo Club Mediterráneo,1.106,1.165,0.348,0.083,-0.02,1.584,0.088,0.083,0.824,1.847,3.933,0.328,0.852,2.802,0.884,0.659,1.217,1.491,0.07,52.823,12.475,8.198,7.455,3.829,7.615,0.144,0.236,0.186,7.399,0.941,0.959,1.769,0.823,3.278,5.653,1.076,1.099,0.644,1.198,1.599,1.52,1.464,1.678,4.378,1.364,-0.076,0.038,0.385,0.439,0.393,0.077,1.264,63.92978861323332,39.790109994473674,44.47325413229834,66.15178448270449,36.698491113116724,29.351529498792047,71.17105555028246,48.88537803601769,48.04943959612431,63.1554796939681,61.446489331475455,4.775491220660157,WF_1,,5.95,1706.448118889646,9398.95,115.62,1717.51,549.19,256.04,756.24,4.66,5.15,2.55,30.87,Demo Club Mediterráneo,1994-08-20,Demo Francia,X1,1.819,45.0,0,1,0,0,0.957,30,1,676,207,19.452,1.53,test,0.46442032969853647,44.06,Bajo,X1,0.46442032969853647,0.49,0.0,0.0,test,10.0,2024-05-25,0.0,0.279,0.1075,0.24955993303437918,0.1644,0.1526,0.1394,0.251,0.442,1.0,0.2489,0.0006669083975071445,0.0003,valid,6.2883,5.9377,0.3383,-0.0123,1.0569,0.9979,0.3383,0.0569,Ajustado,europa,57,59,europa,59,True,False,0.0,0.06669083975071445,Ajustado,5-15 M€
900058,ambidiestro,174,65,460000.0,4.0,26,11.0,Europa resto,media_tabla,48,2193,-449,0.001154099896745454,0.0,FB,0.762,DMF,0.183,2,0.012,polivalente,DEF,MID,Wing Back,Deep Lying Playmaker,DMF,alta,Player_058,Demo Club Atlántico,0.777,0.564,0.23,0.127,0.052,0.35,0.177,0.217,1.007,0.149,1.299,0.282,0.5,1.138,0.26,0.273,0.331,1.257,0.095,41.132,16.229,13.792,3.827,4.611,5.186,0.126,0.395,0.131,5.849,0.68,0.654,0.536,0.898,2.419,4.059,0.781,0.994,0.473,0.631,0.607,2.02,1.933,0.995,5.312,3.873,1.089,0.231,0.552,1.065,0.79,0.956,1.361,36.53463945044365,45.97172743693263,67.58614061036727,55.73078842981282,31.968813041160537,47.18073197692458,50.859330683241886,42.79293725401298,55.97762502019062,41.94616404493691,39.27761983701154,70.57465056593365,FB_1,DMF_1,0.46,1692.1410518898865,11165.67,127.8,1613.16,449.54,137.94,679.52,6.65,5.32,1.91,28.5,Demo Club Atlántico,1998-10-11,Demo Uruguay,X0,4.741,14.0,0,4,0,1,0.992,26,0,712,202,32.387,3.86,test,0.4715441413738374,20.5,Bajo,X1,0.4715441413738374,0.49,0.0,0.0,valid,30.0,2024-05-25,0.0,0.4097,0.1387,0.2979100888341179,0.1222,0.1115,0.2297,0.3156,0.4568,2.0,0.2968,0.001154099896745454,0.0005,train,1.6863,0.3931,1.2263,-0.0669,3.6659,0.8546,1.2263,2.6659,Ajustado,media_tabla,58,48,media_tabla,48,False,False,0.0,0.1154099896745454,Ajustado,0-1 M€
900059,ambidiestro,178,82,43030000.0,2.5,20,1.0,Europa top occidental,baja_tabla,42,1429,-790,0.0031994574116040032,0.0,AMF,0.737,CF,0.125,2,0.103,polivalente,MID,ATT,Second Striker,Mobile Striker,CF,alta,Player_059,Demo Club Sur,1.022,1.047,0.342,0.184,-0.001,1.158,0.125,0.125,0.87,0.769,2.737,0.341,1.453,3.443,1.417,1.436,0.48,1.617,0.116,49.098,18.535,12.999,9.345,5.269,6.695,0.136,0.378,0.224,6.775,0.671,1.272,1.373,0.401,2.769,3.37,0.728,1.009,1.586,0.742,0.899,0.952,0.0,0.0,2.214,2.451,0.39,0.265,0.464,0.213,0.789,0.439,0.542,50.57799798458401,68.23603204946522,47.23935556781481,25.826056404467757,48.688295887972004,13.348102255580468,38.87491507356329,50.2325765592558,63.72511751643941,83.95184478639187,32.13991996240367,57.805467659819016,AMF_2,CF_2,43.03,1276.5028498783574,9904.31,116.22,1497.19,301.47,154.85,347.81,8.48,9.23,2.39,29.36,Demo Club Sur,2004-01-24,Demo Francia,X1,0.996,7.0,0,3,0,0,0.913,20,0,771,253,39.2,3.617,test,0.46412139959725907,36.26,Bajo,X1,0.46412139959725907,0.49,0.0,0.0,valid,26.0,2024-05-25,1.0,0.2289,0.0544,0.23142636527945093,0.1545,0.1386,0.1175,0.1728,0.2635,2.0,0.2282,0.0031994574116040032,0.0013,valid,32.8991,36.5652,-10.1309,-6.4648,0.7646,0.8498,10.1309,0.2354,Ajustado,baja_tabla,59,42,baja_tabla,42,True,True,0.0,0.3199457411604003,Ajustado,>40 M€
900060,ambidiestro,169,88,9250000.0,5.0,22,7.0,España,descenso,34,2895,1018,0.0061003414146294,0.0,CF,0.933,,,1,0.046,especialista,ATT,,Mobile Striker,,,baja,Player_060,Demo Club Interior,1.383,1.364,0.319,0.119,-0.012,1.808,0.094,0.091,0.832,1.28,3.377,0.307,1.012,1.629,0.405,0.688,0.508,1.423,0.07,48.418,9.03,2.776,7.508,2.752,4.199,0.087,0.187,0.128,4.403,0.594,0.381,0.206,0.445,1.427,2.676,1.044,0.444,0.317,0.487,1.214,1.012,0.0,0.208,2.322,3.622,-0.026,0.016,0.23,0.183,0.337,0.066,0.668,71.62755807732327,76.12150244958515,33.04908246882204,63.342074363668786,33.209885864652506,29.860607450546894,86.86020918951286,36.819011095514384,44.42373267790452,19.274224998554466,33.376603958529266,34.59238263548592,CF_2,,9.25,2340.6470661174453,10288.64,106.3,1309.61,418.42,177.84,816.43,6.49,7.67,3.82,31.34,Demo Club Interior,2002-01-14,Demo Francia,X0,3.706,14.0,1,3,0,0,0.139,22,0,791,227,29.502,2.902,test,0.47216113971698237,61.39,Bajo,X1,0.47216113971698237,0.49,0.0,0.0,test,16.0,2024-05-25,0.0,0.2754,0.2048,0.39304701372223116,0.2223,0.356,0.2572,0.3234,0.615,1.0,0.3869,0.0061003414146294,0.0024,train,10.2949,10.5089,1.0449,1.2589,1.113,1.1361,1.0449,0.113,Ajustado,descenso,60,34,descenso,34,False,False,0.0,0.61003414146294,Ajustado,5-15 M€
